circuit_index,noisy_counts,ideal_counts
4,"{""000"": 969, ""100"": 14, ""001"": 10, ""010"": 5, ""110"": 1, ""101"": 1}","{""000"": 1000}"
5,"{""000"": 882, ""100"": 14, ""010"": 83, ""001"": 14, ""011"": 2, ""101"": 4, ""110"": 1}","{""000"": 918, ""010"": 82}"
7,"{""10"": 858, ""00"": 131, ""11"": 5, ""01"": 6}","{""10"": 894, ""00"": 106}"
10,"{""00"": 507, ""01"": 483, ""11"": 7, ""10"": 3}","{""00"": 505, ""01"": 495}"
11,"{""00"": 508, ""10"": 482, ""01"": 5, ""11"": 5}","{""00"": 493, ""10"": 499, ""11"": 6, ""01"": 2}"
12,"{""011"": 677, ""010"": 303, ""001"": 13, ""000"": 2, ""110"": 3, ""111"": 2}","{""011"": 717, ""010"": 278, ""001"": 3, ""000"": 2}"
13,"{""000"": 881, ""001"": 22, ""100"": 16, ""010"": 30, ""111"": 26, ""101"": 8, ""011"": 12, ""110"": 5}","{""000"": 1000}"
14,"{""10"": 493, ""00"": 498, ""11"": 6, ""01"": 3}","{""00"": 496, ""10"": 504}"
15,"{""101"": 229, ""010"": 11, ""110"": 246, ""111"": 226, ""100"": 259, ""001"": 6, ""000"": 10, ""011"": 13}","{""110"": 254, ""101"": 234, ""100"": 272, ""111"": 240}"
18,"{""01000"": 12, ""00000"": 882, ""10000"": 11, ""00001"": 40, ""00010"": 23, ""00100"": 9, ""00101"": 10, ""00011"": 2, ""10001"": 1, ""01010"": 1, ""00111"": 2, ""01101"": 1, ""10101"": 2, ""11000"": 1, ""01001"": 1, ""10010"": 1, ""10011"": 1}","{""00000"": 1000}"
19,"{""1000"": 7, ""0000"": 932, ""0110"": 4, ""0100"": 11, ""0001"": 10, ""0010"": 34, ""0011"": 1, ""0101"": 1}","{""0000"": 1000}"
21,"{""000"": 165, ""101"": 425, ""100"": 224, ""001"": 113, ""011"": 7, ""110"": 22, ""010"": 11, ""111"": 33}","{""101"": 453, ""100"": 233, ""011"": 5, ""001"": 91, ""000"": 181, ""110"": 13, ""111"": 19, ""010"": 5}"
23,"{""1000"": 24, ""0000"": 887, ""1010"": 7, ""0001"": 42, ""0010"": 17, ""0100"": 12, ""1100"": 2, ""0011"": 3, ""0110"": 1, ""1110"": 1, ""1001"": 3, ""0101"": 1}","{""0000"": 1000}"
27,"{""1000"": 250, ""0000"": 258, ""1101"": 31, ""0100"": 125, ""0001"": 50, ""1001"": 75, ""1100"": 143, ""0101"": 44, ""1110"": 3, ""0010"": 9, ""1011"": 2, ""1010"": 4, ""0110"": 3, ""0011"": 3}","{""1000"": 244, ""0000"": 246, ""0101"": 44, ""1100"": 157, ""1101"": 38, ""0100"": 167, ""0001"": 48, ""1001"": 56}"
30,"{""01000"": 8, ""00000"": 880, ""10000"": 8, ""00001"": 35, ""00010"": 39, ""00100"": 13, ""00110"": 5, ""00101"": 5, ""10001"": 3, ""11000"": 1, ""01001"": 1, ""10010"": 1, ""11001"": 1}","{""00000"": 991, ""00110"": 6, ""00101"": 3}"
31,"{""00"": 916, ""01"": 78, ""10"": 5, ""11"": 1}","{""00"": 942, ""01"": 58}"
37,"{""00"": 989, ""10"": 7, ""01"": 4}","{""00"": 1000}"
38,"{""00100"": 765, ""00101"": 18, ""11101"": 7, ""10100"": 89, ""00110"": 33, ""11100"": 18, ""00011"": 16, ""10110"": 5, ""00000"": 13, ""01100"": 7, ""00001"": 10, ""11011"": 4, ""10001"": 3, ""00010"": 4, ""10011"": 3, ""01011"": 1, ""10000"": 1, ""10010"": 1, ""11110"": 1, ""10101"": 1}","{""00100"": 1000}"
39,"{""00"": 365, ""01"": 155, ""10"": 139, ""11"": 341}","{""00"": 387, ""11"": 345, ""01"": 122, ""10"": 146}"
40,"{""1000"": 22, ""0000"": 452, ""0100"": 451, ""1001"": 6, ""0001"": 11, ""1110"": 1, ""0101"": 14, ""1100"": 22, ""1101"": 10, ""0110"": 5, ""0010"": 4, ""1010"": 2}","{""0000"": 500, ""0100"": 500}"
41,"{""1000"": 27, ""0000"": 901, ""0001"": 14, ""1001"": 4, ""1010"": 4, ""0100"": 19, ""0010"": 18, ""1100"": 4, ""0110"": 4, ""0011"": 3, ""0101"": 2}","{""0000"": 1000}"
43,"{""00"": 496, ""10"": 501, ""01"": 3}","{""10"": 492, ""00"": 508}"
44,"{""11"": 964, ""10"": 24, ""00"": 7, ""01"": 5}","{""11"": 991, ""00"": 9}"
45,"{""000"": 629, ""100"": 299, ""110"": 18, ""010"": 42, ""001"": 7, ""011"": 3, ""101"": 1, ""111"": 1}","{""000"": 688, ""100"": 312}"
46,"{""1000"": 404, ""0000"": 399, ""1100"": 2, ""0011"": 71, ""1011"": 65, ""0001"": 8, ""1010"": 20, ""0100"": 5, ""0010"": 17, ""1001"": 6, ""1110"": 3}","{""1000"": 454, ""0000"": 420, ""0011"": 64, ""1011"": 62}"
48,"{""001"": 469, ""101"": 509, ""111"": 5, ""000"": 5, ""011"": 4, ""100"": 6, ""110"": 1, ""010"": 1}","{""101"": 527, ""001"": 473}"
49,"{""11"": 199, ""00"": 294, ""01"": 193, ""10"": 314}","{""00"": 326, ""10"": 283, ""01"": 197, ""11"": 194}"
50,"{""01000"": 23, ""00000"": 878, ""00100"": 13, ""01001"": 8, ""01010"": 2, ""10000"": 15, ""00001"": 17, ""00010"": 41, ""00011"": 2, ""01101"": 1}","{""00000"": 995, ""10000"": 5}"
53,"{""1111"": 61, ""0110"": 264, ""0111"": 249, ""0011"": 130, ""1011"": 36, ""0010"": 138, ""1010"": 20, ""1110"": 66, ""0001"": 9, ""1000"": 2, ""0101"": 11, ""0100"": 8, ""1001"": 2, ""1100"": 3, ""1101"": 1}","{""0010"": 132, ""1111"": 70, ""0110"": 253, ""0011"": 150, ""1110"": 57, ""0111"": 268, ""0001"": 5, ""1010"": 28, ""1011"": 22, ""1001"": 1, ""0101"": 6, ""0100"": 4, ""1100"": 1, ""1101"": 1, ""0000"": 2}"
54,"{""000"": 904, ""010"": 17, ""001"": 8, ""111"": 9, ""011"": 18, ""100"": 26, ""110"": 10, ""101"": 8}","{""000"": 1000}"
57,"{""000"": 905, ""001"": 16, ""010"": 14, ""100"": 46, ""111"": 1, ""110"": 5, ""011"": 12, ""101"": 1}","{""000"": 1000}"
58,"{""0101"": 641, ""1101"": 1, ""0100"": 333, ""0000"": 10, ""0111"": 4, ""0001"": 10, ""0110"": 1}","{""0101"": 663, ""0100"": 337}"
59,"{""00"": 987, ""01"": 11, ""10"": 2}","{""00"": 1000}"
60,"{""011"": 3, ""101"": 210, ""000"": 759, ""111"": 1, ""001"": 15, ""010"": 7, ""100"": 5}","{""000"": 793, ""101"": 207}"
61,"{""011"": 962, ""111"": 8, ""010"": 9, ""001"": 21}","{""011"": 985, ""001"": 15}"
62,"{""000"": 811, ""001"": 181, ""101"": 4, ""010"": 1, ""100"": 3}","{""000"": 804, ""001"": 196}"
65,"{""1000"": 24, ""0000"": 796, ""1001"": 7, ""0001"": 26, ""0010"": 27, ""0100"": 80, ""0101"": 12, ""0111"": 2, ""1010"": 6, ""1011"": 2, ""1100"": 4, ""0110"": 6, ""0011"": 8}","{""0000"": 1000}"
68,"{""11"": 483, ""10"": 488, ""00"": 17, ""01"": 12}","{""10"": 497, ""11"": 503}"
69,"{""010"": 329, ""000"": 660, ""001"": 6, ""011"": 3, ""110"": 2}","{""000"": 665, ""010"": 335}"
70,"{""00"": 977, ""10"": 13, ""01"": 8, ""11"": 2}","{""00"": 1000}"
71,"{""1001"": 4, ""0001"": 258, ""1000"": 11, ""0000"": 678, ""0010"": 8, ""0100"": 20, ""0101"": 16, ""0011"": 4, ""0111"": 1}","{""0000"": 711, ""0001"": 289}"
74,"{""00"": 164, ""01"": 688, ""11"": 121, ""10"": 27}","{""01"": 698, ""11"": 121, ""00"": 152, ""10"": 29}"
78,"{""01000"": 11, ""00000"": 661, ""00100"": 250, ""00010"": 11, ""10000"": 9, ""00001"": 19, ""01111"": 2, ""00110"": 9, ""01100"": 3, ""01010"": 2, ""00101"": 6, ""00011"": 6, ""00111"": 3, ""10100"": 2, ""01101"": 3, ""01001"": 2, ""10010"": 1}","{""00000"": 720, ""00100"": 280}"
79,"{""00101"": 18, ""10100"": 447, ""10101"": 21, ""00100"": 456, ""10000"": 28, ""10110"": 6, ""00000"": 10, ""11100"": 3, ""00110"": 4, ""10001"": 3, ""10010"": 1, ""01100"": 2, ""11101"": 1}","{""10100"": 493, ""00100"": 507}"
81,"{""010"": 914, ""011"": 11, ""000"": 46, ""001"": 6, ""100"": 3, ""110"": 14, ""111"": 5, ""101"": 1}","{""010"": 1000}"
82,"{""1000"": 410, ""0000"": 447, ""0001"": 10, ""1010"": 35, ""1011"": 4, ""0010"": 52, ""0101"": 2, ""0100"": 10, ""1001"": 7, ""1101"": 3, ""0011"": 3, ""0110"": 4, ""1100"": 9, ""1111"": 1, ""1110"": 2, ""0111"": 1}","{""1000"": 469, ""0000"": 461, ""0010"": 37, ""1010"": 33}"
84,"{""000"": 824, ""100"": 157, ""001"": 8, ""010"": 6, ""011"": 1, ""101"": 1, ""110"": 2, ""111"": 1}","{""000"": 862, ""100"": 138}"
85,"{""1000"": 6, ""0000"": 950, ""0001"": 19, ""0010"": 11, ""0100"": 14}","{""0000"": 1000}"
86,"{""01000"": 13, ""00000"": 436, ""10100"": 2, ""00010"": 438, ""00110"": 6, ""01001"": 8, ""10000"": 22, ""10010"": 13, ""00001"": 9, ""01010"": 10, ""10011"": 1, ""00011"": 17, ""10110"": 3, ""11010"": 2, ""11000"": 6, ""01011"": 5, ""00100"": 4, ""00101"": 1, ""11001"": 3, ""10001"": 1}","{""00000"": 493, ""00010"": 507}"
87,"{""00001"": 12, ""01001"": 741, ""00010"": 8, ""01011"": 50, ""11001"": 7, ""01000"": 21, ""00000"": 149, ""01101"": 6, ""00100"": 1, ""11011"": 1, ""10000"": 2, ""10010"": 1, ""01111"": 1}","{""01001"": 819, ""00000"": 181}"
89,"{""100"": 465, ""000"": 455, ""011"": 1, ""001"": 34, ""101"": 32, ""110"": 8, ""010"": 5}","{""100"": 509, ""000"": 491}"
93,"{""00"": 113, ""11"": 458, ""01"": 182, ""10"": 247}","{""11"": 415, ""01"": 233, ""10"": 246, ""00"": 106}"
94,"{""00"": 477, ""01"": 515, ""10"": 6, ""11"": 2}","{""00"": 512, ""01"": 488}"
97,"{""01000"": 33, ""00000"": 766, ""10100"": 9, ""00101"": 8, ""00100"": 40, ""00010"": 33, ""10000"": 31, ""00110"": 20, ""00001"": 31, ""01010"": 5, ""10101"": 1, ""10011"": 3, ""10001"": 5, ""11000"": 3, ""10010"": 7, ""00011"": 2, ""11001"": 1, ""01101"": 1, ""01111"": 1}","{""00000"": 1000}"
100,"{""10010"": 12, ""11011"": 8, ""00011"": 663, ""01011"": 17, ""00010"": 26, ""10011"": 219, ""00111"": 12, ""10111"": 9, ""00000"": 10, ""01110"": 2, ""00001"": 3, ""00110"": 1, ""01010"": 3, ""11010"": 1, ""10000"": 10, ""01001"": 1, ""11000"": 1, ""01100"": 1, ""10001"": 1}","{""00011"": 723, ""10011"": 256, ""00000"": 17, ""10000"": 4}"
105,"{""1001"": 10, ""0001"": 448, ""1000"": 11, ""0000"": 467, ""0100"": 14, ""0101"": 17, ""0111"": 6, ""0011"": 12, ""1111"": 1, ""0010"": 6, ""0110"": 6, ""1100"": 2}","{""0000"": 511, ""0001"": 489}"
106,"{""0000"": 496, ""1000"": 448, ""0001"": 10, ""1001"": 22, ""0100"": 3, ""1100"": 5, ""1011"": 3, ""0010"": 6, ""0011"": 4, ""1010"": 3}","{""1000"": 507, ""0000"": 493}"
108,"{""1010"": 2, ""1001"": 16, ""0001"": 912, ""0000"": 8, ""1000"": 33, ""0011"": 19, ""0101"": 6, ""0111"": 4}","{""0001"": 971, ""1000"": 29}"
110,"{""000"": 944, ""001"": 5, ""101"": 7, ""100"": 14, ""010"": 28, ""011"": 2}","{""000"": 1000}"
112,"{""00"": 982, ""10"": 5, ""01"": 7, ""11"": 6}","{""00"": 1000}"
113,"{""1001"": 7, ""0001"": 917, ""0011"": 52, ""0101"": 13, ""0000"": 5, ""1011"": 3, ""0111"": 2, ""1101"": 1}","{""0001"": 1000}"
118,"{""000"": 951, ""010"": 29, ""001"": 6, ""100"": 9, ""101"": 5}","{""000"": 1000}"
119,"{""1000"": 36, ""0000"": 928, ""0100"": 13, ""1100"": 7, ""1010"": 1, ""0001"": 6, ""0010"": 7, ""0110"": 2}","{""0000"": 1000}"
120,"{""110"": 824, ""111"": 74, ""100"": 19, ""010"": 36, ""000"": 4, ""001"": 31, ""011"": 6, ""101"": 6}","{""110"": 891, ""111"": 87, ""001"": 20, ""011"": 2}"
121,"{""01"": 488, ""00"": 505, ""10"": 4, ""11"": 3}","{""01"": 467, ""00"": 533}"
122,"{""0000"": 815, ""1000"": 40, ""0100"": 28, ""0010"": 36, ""1001"": 2, ""0001"": 29, ""1100"": 15, ""0101"": 6, ""0110"": 13, ""1010"": 3, ""0011"": 4, ""0111"": 1, ""1111"": 1, ""1110"": 6, ""1101"": 1}","{""0000"": 1000}"
123,"{""01000"": 410, ""00000"": 447, ""01001"": 29, ""10000"": 22, ""00001"": 21, ""11100"": 1, ""00010"": 15, ""00100"": 8, ""01010"": 19, ""10001"": 1, ""11000"": 10, ""01100"": 6, ""00011"": 3, ""10010"": 1, ""01011"": 1, ""10100"": 2, ""11001"": 2, ""01110"": 2}","{""00000"": 496, ""01000"": 504}"
125,"{""01"": 987, ""11"": 6, ""00"": 7}","{""01"": 1000}"
127,"{""1000"": 14, ""0000"": 848, ""0101"": 8, ""0100"": 78, ""0010"": 24, ""1010"": 2, ""0001"": 12, ""0110"": 11, ""0111"": 1, ""1101"": 1, ""1100"": 1}","{""0000"": 1000}"
129,"{""01"": 519, ""00"": 477, ""11"": 1, ""10"": 3}","{""00"": 476, ""01"": 524}"
132,"{""00"": 970, ""10"": 16, ""11"": 2, ""01"": 12}","{""00"": 1000}"
135,"{""000"": 902, ""100"": 16, ""001"": 47, ""101"": 10, ""011"": 6, ""010"": 18, ""110"": 1}","{""000"": 1000}"
137,"{""00100"": 652, ""00000"": 229, ""00101"": 30, ""10100"": 13, ""10000"": 11, ""00011"": 2, ""01100"": 6, ""00110"": 18, ""00111"": 4, ""10010"": 9, ""01101"": 1, ""01000"": 4, ""11100"": 1, ""00010"": 10, ""00001"": 6, ""10110"": 2, ""01110"": 1, ""10101"": 1}","{""00100"": 748, ""00000"": 252}"
139,"{""1000"": 40, ""0000"": 872, ""0001"": 26, ""1001"": 3, ""0010"": 24, ""0100"": 12, ""0101"": 3, ""0110"": 1, ""0111"": 2, ""0011"": 16, ""1100"": 1}","{""0000"": 1000}"
141,"{""100"": 226, ""000"": 229, ""110"": 259, ""010"": 261, ""101"": 6, ""001"": 7, ""111"": 7, ""011"": 5}","{""110"": 240, ""010"": 264, ""000"": 256, ""100"": 240}"
142,"{""000"": 892, ""010"": 56, ""100"": 11, ""110"": 16, ""001"": 16, ""011"": 3, ""111"": 3, ""101"": 3}","{""000"": 1000}"
156,"{""00"": 309, ""10"": 434, ""01"": 128, ""11"": 129}","{""10"": 422, ""01"": 123, ""00"": 331, ""11"": 124}"
157,"{""10"": 495, ""11"": 493, ""01"": 7, ""00"": 5}","{""11"": 519, ""10"": 481}"
158,"{""11"": 351, ""00"": 614, ""10"": 18, ""01"": 17}","{""11"": 413, ""00"": 587}"
161,"{""00"": 481, ""10"": 513, ""01"": 3, ""11"": 3}","{""10"": 508, ""00"": 492}"
163,"{""00"": 972, ""01"": 12, ""10"": 11, ""11"": 5}","{""00"": 999, ""11"": 1}"
165,"{""1000"": 14, ""0000"": 860, ""0010"": 26, ""0100"": 52, ""0101"": 4, ""0110"": 13, ""0001"": 19, ""0011"": 6, ""1010"": 2, ""1001"": 1, ""0111"": 1, ""1100"": 2}","{""0000"": 1000}"
167,"{""000"": 330, ""010"": 637, ""011"": 8, ""111"": 10, ""101"": 6, ""100"": 3, ""110"": 6}","{""010"": 684, ""000"": 299, ""111"": 11, ""101"": 6}"
168,"{""101"": 462, ""111"": 497, ""110"": 16, ""011"": 5, ""100"": 12, ""001"": 8}","{""111"": 498, ""101"": 495, ""011"": 3, ""001"": 4}"
169,"{""01000"": 13, ""00000"": 914, ""00100"": 16, ""00010"": 14, ""01010"": 4, ""00001"": 7, ""10000"": 24, ""10010"": 3, ""11010"": 1, ""00011"": 1, ""01100"": 1, ""00110"": 2}","{""00000"": 1000}"
170,"{""000"": 910, ""010"": 41, ""101"": 7, ""100"": 19, ""011"": 1, ""001"": 14, ""110"": 6, ""111"": 2}","{""000"": 1000}"
175,"{""01"": 520, ""10"": 438, ""11"": 22, ""00"": 20}","{""10"": 483, ""01"": 488, ""11"": 9, ""00"": 20}"
176,"{""01101"": 21, ""10001"": 4, ""01000"": 9, ""11010"": 1, ""00000"": 700, ""00001"": 151, ""00011"": 10, ""01100"": 47, ""10000"": 12, ""00100"": 19, ""00010"": 15, ""01111"": 1, ""01001"": 3, ""10010"": 3, ""00101"": 2, ""00110"": 1, ""11110"": 1}","{""00000"": 773, ""00001"": 166, ""01100"": 48, ""01101"": 13}"
177,"{""0011"": 282, ""1001"": 8, ""0001"": 170, ""0010"": 263, ""0000"": 180, ""0110"": 22, ""1110"": 3, ""0111"": 14, ""0100"": 17, ""1000"": 7, ""1010"": 11, ""1011"": 3, ""0101"": 13, ""1100"": 4, ""1101"": 3}","{""0001"": 213, ""0011"": 301, ""0000"": 201, ""0010"": 285}"
182,"{""00"": 908, ""10"": 83, ""11"": 6, ""01"": 3}","{""00"": 927, ""10"": 73}"
185,"{""1000"": 19, ""0000"": 857, ""1001"": 6, ""0001"": 20, ""0100"": 64, ""0011"": 7, ""0010"": 16, ""0101"": 5, ""1100"": 4, ""0110"": 2}","{""0000"": 1000}"
189,"{""000"": 922, ""111"": 1, ""010"": 44, ""100"": 12, ""001"": 17, ""011"": 1, ""101"": 1, ""110"": 2}","{""000"": 1000}"
191,"{""010"": 498, ""110"": 491, ""111"": 1, ""011"": 2, ""000"": 4, ""100"": 4}","{""010"": 484, ""110"": 516}"
192,"{""00000"": 685, ""00100"": 213, ""01010"": 1, ""10000"": 14, ""00001"": 30, ""00010"": 14, ""10010"": 5, ""10100"": 2, ""01000"": 15, ""01100"": 3, ""00011"": 3, ""00101"": 9, ""00110"": 3, ""11100"": 2, ""11000"": 1}","{""00000"": 789, ""00100"": 211}"
194,"{""1000"": 248, ""0000"": 636, ""0100"": 5, ""1010"": 1, ""1001"": 27, ""0001"": 71, ""0111"": 1, ""1100"": 3, ""1101"": 2, ""0101"": 2, ""0010"": 4}","{""1000"": 260, ""0000"": 740}"
195,"{""10100"": 633, ""10101"": 15, ""00100"": 16, ""11110"": 3, ""00000"": 263, ""10110"": 24, ""10000"": 16, ""00011"": 1, ""11100"": 11, ""11000"": 1, ""00010"": 5, ""00110"": 2, ""01000"": 2, ""11111"": 1, ""01100"": 2, ""00001"": 3, ""01001"": 1, ""10111"": 1}","{""10100"": 699, ""00000"": 301}"
196,"{""010"": 227, ""011"": 231, ""111"": 251, ""110"": 246, ""000"": 14, ""101"": 12, ""100"": 7, ""001"": 12}","{""111"": 238, ""011"": 238, ""010"": 255, ""110"": 269}"
197,"{""00"": 47, ""11"": 442, ""10"": 462, ""01"": 49}","{""10"": 492, ""11"": 416, ""00"": 42, ""01"": 50}"
198,"{""01000"": 43, ""00000"": 838, ""10010"": 4, ""00100"": 20, ""00010"": 48, ""00001"": 9, ""11000"": 9, ""10000"": 16, ""00101"": 2, ""01001"": 1, ""01100"": 4, ""01110"": 1, ""00011"": 1, ""10100"": 3, ""01101"": 1}","{""00000"": 1000}"
202,"{""10"": 680, ""00"": 308, ""01"": 6, ""11"": 6}","{""00"": 299, ""10"": 701}"
205,"{""11000"": 31, ""00001"": 19, ""01001"": 9, ""10000"": 87, ""00000"": 659, ""01000"": 146, ""00100"": 9, ""01100"": 2, ""01111"": 2, ""00010"": 10, ""00101"": 6, ""11001"": 2, ""00110"": 9, ""01010"": 3, ""00011"": 1, ""11010"": 1, ""10001"": 2, ""01110"": 1, ""10010"": 1}","{""00000"": 831, ""01000"": 169}"
210,"{""01"": 978, ""00"": 12, ""11"": 10}","{""01"": 999, ""00"": 1}"
211,"{""011"": 458, ""001"": 485, ""101"": 16, ""010"": 8, ""111"": 20, ""100"": 1, ""000"": 10, ""110"": 2}","{""011"": 502, ""001"": 498}"
212,"{""01100"": 4, ""01000"": 24, ""00000"": 788, ""10000"": 42, ""01010"": 7, ""11000"": 3, ""00010"": 47, ""00100"": 37, ""00001"": 14, ""10001"": 3, ""00110"": 11, ""10110"": 2, ""01110"": 2, ""10100"": 4, ""10010"": 3, ""00101"": 2, ""01001"": 3, ""01011"": 1, ""01101"": 1, ""10011"": 1, ""10111"": 1}","{""00000"": 1000}"
213,"{""11"": 334, ""10"": 340, ""01"": 166, ""00"": 160}","{""10"": 353, ""11"": 340, ""00"": 157, ""01"": 150}"
214,"{""01000"": 9, ""00000"": 860, ""10000"": 32, ""00001"": 33, ""00010"": 18, ""00100"": 19, ""00101"": 7, ""00110"": 6, ""10010"": 3, ""10110"": 1, ""10100"": 1, ""10001"": 2, ""00011"": 7, ""10011"": 1, ""01001"": 1}","{""00000"": 1000}"
218,"{""11001"": 19, ""10001"": 840, ""01001"": 8, ""00001"": 20, ""10101"": 18, ""10011"": 69, ""00101"": 3, ""11101"": 3, ""10000"": 4, ""11011"": 5, ""00011"": 5, ""10111"": 5, ""11111"": 1}","{""10001"": 989, ""10011"": 11}"
219,"{""10000"": 20, ""00001"": 451, ""10101"": 3, ""00100"": 4, ""00000"": 473, ""10001"": 17, ""00101"": 8, ""00010"": 7, ""00011"": 4, ""00111"": 2, ""10011"": 1, ""01001"": 3, ""00110"": 1, ""11101"": 1, ""01000"": 4, ""10100"": 1}","{""00000"": 520, ""00001"": 480}"
220,"{""000"": 918, ""010"": 18, ""100"": 18, ""001"": 33, ""101"": 4, ""111"": 1, ""011"": 5, ""110"": 3}","{""000"": 1000}"
221,"{""100"": 982, ""000"": 6, ""110"": 8, ""101"": 4}","{""100"": 1000}"
224,"{""00"": 985, ""01"": 8, ""11"": 2, ""10"": 5}","{""00"": 1000}"
225,"{""10"": 260, ""00"": 239, ""11"": 255, ""01"": 246}","{""11"": 251, ""00"": 237, ""01"": 263, ""10"": 249}"
226,"{""1000"": 23, ""0000"": 856, ""0010"": 24, ""1100"": 4, ""0011"": 3, ""0100"": 58, ""1001"": 2, ""0001"": 20, ""0101"": 4, ""1010"": 2, ""0110"": 3, ""1101"": 1}","{""0000"": 1000}"
228,"{""00"": 975, ""10"": 14, ""01"": 9, ""11"": 2}","{""00"": 1000}"
230,"{""000"": 954, ""100"": 7, ""010"": 7, ""001"": 26, ""101"": 5, ""011"": 1}","{""000"": 1000}"
231,"{""00"": 460, ""01"": 509, ""11"": 12, ""10"": 19}","{""00"": 491, ""01"": 477, ""10"": 21, ""11"": 11}"
232,"{""10"": 434, ""01"": 12, ""00"": 552, ""11"": 2}","{""10"": 438, ""00"": 562}"
233,"{""001"": 509, ""000"": 478, ""101"": 4, ""011"": 2, ""100"": 5, ""010"": 2}","{""000"": 503, ""001"": 497}"
234,"{""00"": 956, ""10"": 30, ""01"": 13, ""11"": 1}","{""00"": 976, ""10"": 24}"
235,"{""00"": 975, ""10"": 15, ""01"": 10}","{""00"": 1000}"
237,"{""10101"": 4, ""00100"": 512, ""01000"": 11, ""10001"": 1, ""00000"": 417, ""01100"": 14, ""01010"": 6, ""10000"": 4, ""00010"": 3, ""01011"": 1, ""11100"": 1, ""00001"": 6, ""00101"": 6, ""11010"": 1, ""00110"": 8, ""10100"": 2, ""01110"": 3}","{""00000"": 434, ""00100"": 566}"
238,"{""11"": 33, ""00"": 513, ""01"": 426, ""10"": 28}","{""00"": 505, ""01"": 451, ""11"": 22, ""10"": 22}"
242,"{""00010"": 483, ""00110"": 449, ""01110"": 3, ""00000"": 5, ""00011"": 20, ""00111"": 19, ""00001"": 1, ""00100"": 7, ""10010"": 2, ""10110"": 5, ""01010"": 5, ""10111"": 1}","{""00110"": 465, ""00010"": 535}"
243,"{""0000"": 453, ""1000"": 444, ""1001"": 8, ""0001"": 8, ""1010"": 18, ""0010"": 15, ""1101"": 2, ""0100"": 19, ""1100"": 16, ""0101"": 6, ""1111"": 2, ""1110"": 2, ""0110"": 5, ""1011"": 1, ""0011"": 1}","{""1000"": 500, ""0000"": 500}"
246,"{""1000"": 11, ""0000"": 645, ""0010"": 305, ""0001"": 8, ""1010"": 4, ""0110"": 8, ""0111"": 1, ""0011"": 9, ""0100"": 7, ""1011"": 1, ""1001"": 1}","{""0000"": 665, ""0010"": 335}"
247,"{""000"": 937, ""001"": 5, ""100"": 35, ""111"": 2, ""010"": 17, ""011"": 2, ""110"": 2}","{""000"": 1000}"
253,"{""1100"": 191, ""1000"": 61, ""1110"": 8, ""0101"": 197, ""1001"": 61, ""0001"": 51, ""0100"": 191, ""1101"": 172, ""0000"": 54, ""0111"": 5, ""1011"": 2, ""1010"": 3, ""0011"": 2, ""0110"": 2}","{""1101"": 198, ""0100"": 161, ""1100"": 199, ""0000"": 58, ""1000"": 54, ""0101"": 210, ""0001"": 57, ""1001"": 63}"
255,"{""00"": 985, ""10"": 4, ""01"": 10, ""11"": 1}","{""00"": 1000}"
256,"{""00100"": 898, ""00110"": 17, ""00010"": 9, ""00000"": 21, ""10100"": 5, ""00101"": 45, ""00001"": 3, ""00011"": 1, ""01100"": 1}","{""00100"": 1000}"
258,"{""00"": 977, ""11"": 4, ""10"": 13, ""01"": 6}","{""00"": 1000}"
262,"{""0101"": 186, ""1000"": 16, ""0000"": 279, ""0111"": 171, ""0011"": 16, ""0010"": 289, ""1111"": 6, ""1010"": 11, ""0001"": 9, ""0110"": 6, ""1101"": 5, ""0100"": 4, ""1110"": 1, ""1011"": 1}","{""0000"": 298, ""0010"": 319, ""0111"": 187, ""0101"": 196}"
263,"{""00"": 188, ""10"": 810, ""11"": 2}","{""10"": 825, ""00"": 175}"
267,"{""110"": 664, ""000"": 301, ""011"": 2, ""010"": 15, ""100"": 10, ""101"": 2, ""111"": 4, ""001"": 2}","{""000"": 307, ""110"": 693}"
269,"{""1101"": 2, ""0100"": 883, ""0101"": 33, ""1110"": 6, ""1100"": 14, ""1111"": 4, ""0110"": 9, ""0000"": 43, ""0111"": 3, ""0001"": 2, ""1000"": 1}","{""0100"": 965, ""0000"": 35}"
270,"{""01"": 464, ""00"": 501, ""11"": 18, ""10"": 17}","{""01"": 512, ""00"": 465, ""10"": 7, ""11"": 16}"
273,"{""000"": 947, ""010"": 29, ""001"": 14, ""100"": 7, ""101"": 2, ""110"": 1}","{""000"": 1000}"
275,"{""10"": 399, ""00"": 598, ""01"": 2, ""11"": 1}","{""00"": 615, ""10"": 385}"
276,"{""00"": 992, ""01"": 3, ""10"": 5}","{""00"": 1000}"
279,"{""1001"": 24, ""0001"": 876, ""0011"": 16, ""0101"": 37, ""1000"": 1, ""0000"": 30, ""0100"": 1, ""1101"": 10, ""0111"": 3, ""1011"": 1, ""1111"": 1}","{""0001"": 1000}"
280,"{""000"": 399, ""001"": 394, ""100"": 99, ""101"": 103, ""010"": 2, ""011"": 3}","{""001"": 396, ""000"": 362, ""101"": 113, ""100"": 129}"
282,"{""010"": 185, ""100"": 173, ""101"": 61, ""000"": 184, ""110"": 199, ""011"": 89, ""001"": 54, ""111"": 55}","{""110"": 190, ""100"": 198, ""000"": 184, ""010"": 198, ""111"": 61, ""011"": 51, ""001"": 54, ""101"": 64}"
285,"{""1000"": 6, ""0000"": 823, ""0101"": 130, ""1001"": 1, ""0001"": 24, ""0010"": 6, ""0100"": 10}","{""0000"": 858, ""0101"": 142}"
286,"{""00"": 975, ""10"": 11, ""01"": 13, ""11"": 1}","{""00"": 1000}"
288,"{""01000"": 12, ""00000"": 875, ""01001"": 4, ""10000"": 9, ""00001"": 63, ""10101"": 1, ""00100"": 22, ""00101"": 6, ""00011"": 1, ""00010"": 4, ""01100"": 2, ""01101"": 1}","{""00000"": 1000}"
289,"{""1000"": 449, ""0000"": 512, ""0010"": 2, ""1010"": 5, ""1001"": 5, ""0001"": 14, ""1100"": 6, ""0110"": 2, ""1110"": 1, ""0100"": 4}","{""0000"": 522, ""1000"": 478}"
290,"{""00"": 990, ""11"": 1, ""10"": 6, ""01"": 3}","{""00"": 1000}"
292,"{""1000"": 16, ""0000"": 897, ""0100"": 42, ""1010"": 4, ""0001"": 14, ""1011"": 2, ""0010"": 16, ""1100"": 4, ""0011"": 5}","{""0000"": 1000}"
293,"{""001"": 652, ""110"": 128, ""000"": 162, ""101"": 7, ""111"": 34, ""011"": 6, ""100"": 5, ""010"": 6}","{""001"": 715, ""000"": 138, ""110"": 127, ""111"": 20}"
296,"{""01001"": 2, ""10000"": 15, ""11000"": 824, ""11100"": 60, ""11110"": 9, ""10100"": 2, ""11001"": 31, ""11010"": 18, ""01100"": 4, ""11101"": 4, ""01000"": 17, ""10110"": 1, ""01010"": 4, ""10010"": 4, ""01111"": 1, ""11111"": 3, ""00010"": 1}","{""11000"": 1000}"
297,"{""00000"": 832, ""00100"": 40, ""10000"": 19, ""00001"": 20, ""10010"": 8, ""00010"": 29, ""00110"": 14, ""10111"": 3, ""00011"": 13, ""10001"": 1, ""00101"": 9, ""01000"": 5, ""01110"": 1, ""10011"": 2, ""01100"": 1, ""01011"": 1, ""10101"": 1, ""10100"": 1}","{""00000"": 1000}"
299,"{""00"": 976, ""10"": 11, ""11"": 1, ""01"": 12}","{""00"": 1000}"
301,"{""010"": 422, ""100"": 545, ""000"": 16, ""110"": 8, ""011"": 5, ""101"": 4}","{""010"": 420, ""100"": 580}"
304,"{""010"": 548, ""000"": 440, ""110"": 6, ""011"": 4, ""100"": 1, ""001"": 1}","{""000"": 444, ""010"": 556}"
306,"{""001"": 234, ""000"": 730, ""100"": 8, ""101"": 3, ""010"": 19, ""011"": 6}","{""001"": 237, ""000"": 763}"
307,"{""11"": 52, ""00"": 934, ""01"": 6, ""10"": 8}","{""00"": 935, ""11"": 65}"
309,"{""0000"": 803, ""0101"": 11, ""1101"": 4, ""0100"": 54, ""0110"": 1, ""1001"": 13, ""0001"": 61, ""1100"": 3, ""0010"": 17, ""0011"": 6, ""1011"": 1, ""1000"": 20, ""1010"": 4, ""1110"": 2}","{""0000"": 960, ""0100"": 40}"
312,"{""111"": 479, ""101"": 478, ""011"": 16, ""001"": 22, ""000"": 1, ""110"": 3, ""100"": 1}","{""111"": 512, ""101"": 488}"
315,"{""0000"": 479, ""1000"": 451, ""1001"": 27, ""1010"": 8, ""0001"": 16, ""1101"": 1, ""0100"": 7, ""1100"": 5, ""0010"": 1, ""0011"": 1, ""0110"": 2, ""0101"": 1, ""1110"": 1}","{""1000"": 498, ""0000"": 477, ""1001"": 25}"
318,"{""000"": 959, ""100"": 20, ""001"": 8, ""101"": 3, ""010"": 9, ""111"": 1}","{""000"": 1000}"
319,"{""000"": 922, ""001"": 37, ""010"": 20, ""100"": 6, ""110"": 11, ""111"": 3, ""011"": 1}","{""000"": 1000}"
322,"{""00"": 832, ""11"": 146, ""01"": 11, ""10"": 11}","{""00"": 832, ""11"": 168}"
328,"{""100"": 815, ""000"": 167, ""101"": 10, ""110"": 4, ""001"": 2, ""010"": 2}","{""100"": 852, ""000"": 148}"
329,"{""01"": 503, ""11"": 425, ""10"": 34, ""00"": 38}","{""01"": 472, ""11"": 464, ""00"": 32, ""10"": 32}"
330,"{""01000"": 89, ""11001"": 391, ""01010"": 5, ""11000"": 307, ""01001"": 100, ""11011"": 20, ""01011"": 2, ""11100"": 2, ""10100"": 3, ""10001"": 14, ""11010"": 11, ""11110"": 3, ""01101"": 5, ""01110"": 1, ""10000"": 11, ""10101"": 3, ""10111"": 2, ""11101"": 8, ""11111"": 4, ""00100"": 3, ""10010"": 4, ""01100"": 2, ""00011"": 2, ""00001"": 3, ""10011"": 3, ""00000"": 2}","{""01001"": 104, ""11000"": 348, ""01000"": 97, ""11001"": 451}"
337,"{""1000"": 24, ""0000"": 920, ""0010"": 19, ""0100"": 12, ""0001"": 6, ""1010"": 5, ""0110"": 7, ""1100"": 3, ""1111"": 1, ""0011"": 1, ""0101"": 2}","{""0000"": 1000}"
340,"{""00"": 28, ""11"": 890, ""01"": 71, ""10"": 11}","{""11"": 910, ""00"": 33, ""01"": 56, ""10"": 1}"
341,"{""000"": 917, ""010"": 39, ""011"": 2, ""001"": 18, ""100"": 17, ""110"": 4, ""101"": 1, ""111"": 2}","{""000"": 1000}"
344,"{""1001"": 3, ""0001"": 454, ""1000"": 9, ""0000"": 475, ""0100"": 18, ""0010"": 13, ""0101"": 18, ""0110"": 1, ""0011"": 7, ""1011"": 2}","{""0000"": 501, ""0001"": 499}"
346,"{""1100"": 796, ""0000"": 111, ""1000"": 28, ""1101"": 7, ""0100"": 20, ""1110"": 25, ""0110"": 5, ""1010"": 3, ""0010"": 4, ""0001"": 1}","{""1100"": 876, ""0000"": 124}"
349,"{""1000"": 51, ""0000"": 849, ""0010"": 37, ""0100"": 27, ""0110"": 8, ""1010"": 10, ""0001"": 10, ""1100"": 3, ""0101"": 2, ""0011"": 2, ""1001"": 1}","{""0000"": 1000}"
350,"{""10"": 258, ""11"": 258, ""01"": 228, ""00"": 256}","{""11"": 226, ""00"": 226, ""01"": 270, ""10"": 278}"
351,"{""00"": 984, ""01"": 4, ""10"": 11, ""11"": 1}","{""00"": 1000}"
353,"{""000"": 925, ""010"": 35, ""101"": 14, ""100"": 12, ""001"": 12, ""110"": 1, ""011"": 1}","{""000"": 1000}"
354,"{""1000"": 32, ""0000"": 855, ""0001"": 22, ""0010"": 30, ""0101"": 3, ""1100"": 5, ""0011"": 8, ""0110"": 10, ""1010"": 3, ""1110"": 2, ""0100"": 22, ""0111"": 2, ""1001"": 6}","{""0000"": 1000}"
355,"{""00"": 957, ""01"": 27, ""11"": 6, ""10"": 10}","{""00"": 967, ""01"": 31, ""11"": 2}"
356,"{""11"": 776, ""10"": 216, ""00"": 3, ""01"": 5}","{""11"": 751, ""10"": 249}"
358,"{""1000"": 8, ""0000"": 782, ""0101"": 11, ""1010"": 3, ""1001"": 7, ""0001"": 150, ""0100"": 28, ""0011"": 4, ""0010"": 5, ""1100"": 2}","{""0000"": 854, ""0001"": 146}"
364,"{""0010"": 936, ""1010"": 21, ""0111"": 12, ""0011"": 9, ""1110"": 2, ""1111"": 1, ""0110"": 15, ""0000"": 4}","{""0010"": 1000}"
365,"{""00"": 924, ""01"": 68, ""10"": 8}","{""00"": 949, ""01"": 51}"
366,"{""01011"": 21, ""11001"": 14, ""00000"": 21, ""01111"": 35, ""00100"": 30, ""01101"": 558, ""01001"": 252, ""11101"": 22, ""01110"": 2, ""00001"": 7, ""01000"": 3, ""10000"": 1, ""11011"": 2, ""00110"": 5, ""01100"": 8, ""00101"": 6, ""10010"": 1, ""11111"": 5, ""10100"": 1, ""00111"": 3, ""00010"": 1, ""01010"": 1, ""10011"": 1}","{""00100"": 40, ""01101"": 671, ""01001"": 272, ""00000"": 17}"
367,"{""00"": 914, ""11"": 1, ""10"": 81, ""01"": 4}","{""00"": 925, ""10"": 75}"
368,"{""000"": 890, ""100"": 19, ""010"": 53, ""011"": 3, ""001"": 15, ""110"": 11, ""101"": 6, ""111"": 3}","{""000"": 1000}"
371,"{""11"": 520, ""01"": 463, ""10"": 9, ""00"": 8}","{""01"": 483, ""11"": 517}"
373,"{""1000"": 7, ""0000"": 892, ""0001"": 21, ""1010"": 2, ""0100"": 60, ""0111"": 2, ""0011"": 2, ""0010"": 9, ""0101"": 3, ""1100"": 1, ""0110"": 1}","{""0000"": 959, ""0100"": 41}"
375,"{""1000"": 164, ""0000"": 747, ""1010"": 6, ""0001"": 15, ""0100"": 10, ""0010"": 38, ""0101"": 4, ""1100"": 4, ""1001"": 4, ""1011"": 2, ""0111"": 1, ""1101"": 1, ""0110"": 3, ""1110"": 1}","{""1000"": 150, ""0000"": 850}"
377,"{""01000"": 22, ""00000"": 819, ""10000"": 21, ""00001"": 23, ""00010"": 41, ""00100"": 36, ""00101"": 10, ""10010"": 2, ""10100"": 10, ""10001"": 5, ""00110"": 3, ""00111"": 2, ""01100"": 2, ""11100"": 1, ""00011"": 2, ""01010"": 1}","{""00000"": 1000}"
379,"{""11010"": 6, ""01000"": 7, ""00000"": 484, ""00010"": 424, ""00110"": 14, ""10010"": 11, ""00001"": 10, ""00100"": 19, ""10000"": 14, ""00011"": 3, ""01100"": 1, ""10100"": 3, ""10110"": 3, ""01010"": 1}","{""00010"": 420, ""00000"": 580}"
382,"{""000"": 441, ""010"": 492, ""100"": 31, ""011"": 5, ""110"": 28, ""111"": 1, ""001"": 2}","{""010"": 511, ""000"": 489}"
384,"{""01000"": 31, ""00000"": 898, ""00110"": 2, ""00010"": 18, ""00100"": 17, ""10000"": 21, ""00001"": 1, ""10100"": 4, ""11000"": 2, ""10010"": 3, ""01100"": 2, ""10001"": 1}","{""00000"": 1000}"
385,"{""100"": 961, ""101"": 7, ""000"": 16, ""110"": 9, ""001"": 7}","{""100"": 1000}"
387,"{""00000"": 4, ""01000"": 414, ""10101"": 2, ""01101"": 408, ""11101"": 7, ""01010"": 11, ""01001"": 55, ""01100"": 73, ""10001"": 1, ""01011"": 2, ""01110"": 6, ""01111"": 11, ""11000"": 3, ""00101"": 1, ""11100"": 1, ""11001"": 1}","{""01000"": 466, ""01101"": 476, ""01100"": 45, ""01111"": 7, ""01010"": 6}"
388,"{""01"": 841, ""11"": 138, ""00"": 18, ""10"": 3}","{""01"": 869, ""11"": 131}"
393,"{""0000"": 337, ""1000"": 390, ""0100"": 121, ""1100"": 138, ""1010"": 1, ""1001"": 6, ""0001"": 2, ""0101"": 1, ""0010"": 3, ""0110"": 1}","{""1000"": 381, ""0000"": 386, ""0100"": 118, ""1100"": 115}"
396,"{""00010"": 444, ""00110"": 450, ""00011"": 8, ""10010"": 13, ""10110"": 23, ""01010"": 13, ""00000"": 15, ""00100"": 16, ""01110"": 6, ""00111"": 6, ""11110"": 2, ""10111"": 1, ""00001"": 2, ""01100"": 1}","{""00010"": 498, ""00110"": 502}"
397,"{""101"": 25, ""001"": 579, ""000"": 370, ""100"": 21, ""011"": 3, ""010"": 2}","{""001"": 613, ""000"": 387}"
398,"{""11010"": 153, ""01000"": 192, ""01001"": 2, ""01010"": 22, ""10000"": 10, ""11000"": 599, ""11100"": 4, ""01100"": 3, ""10001"": 2, ""10010"": 3, ""11001"": 2, ""11011"": 2, ""10011"": 1, ""01110"": 1, ""11110"": 2, ""00001"": 1, ""00000"": 1}","{""00000"": 2, ""01000"": 192, ""11010"": 137, ""10000"": 1, ""11000"": 666, ""10010"": 2}"
399,"{""101"": 468, ""100"": 471, ""111"": 22, ""110"": 21, ""000"": 11, ""001"": 7}","{""100"": 465, ""101"": 510, ""111"": 12, ""110"": 13}"
401,"{""0100"": 907, ""1110"": 6, ""0101"": 17, ""1100"": 24, ""0000"": 19, ""0110"": 15, ""0111"": 5, ""0001"": 3, ""1101"": 1, ""0010"": 2, ""1000"": 1}","{""0100"": 1000}"
403,"{""10"": 975, ""00"": 12, ""01"": 1, ""11"": 12}","{""10"": 1000}"
405,"{""1000"": 21, ""0000"": 883, ""0001"": 46, ""0100"": 18, ""0010"": 12, ""1100"": 4, ""1110"": 2, ""0101"": 1, ""0110"": 7, ""1001"": 4, ""1010"": 2}","{""0000"": 988, ""0001"": 12}"
409,"{""00"": 510, ""01"": 478, ""10"": 7, ""11"": 5}","{""01"": 501, ""00"": 499}"
416,"{""010"": 909, ""000"": 42, ""001"": 2, ""110"": 19, ""011"": 13, ""111"": 9, ""100"": 4, ""101"": 2}","{""010"": 1000}"
417,"{""00000"": 467, ""01000"": 445, ""00101"": 3, ""01010"": 9, ""01001"": 13, ""01100"": 15, ""00100"": 11, ""11100"": 2, ""00001"": 7, ""11000"": 4, ""01110"": 1, ""00011"": 7, ""10000"": 4, ""01101"": 2, ""01011"": 4, ""00010"": 5, ""10011"": 1}","{""00000"": 497, ""01000"": 503}"
418,"{""10001"": 16, ""01000"": 16, ""00000"": 433, ""00001"": 30, ""10000"": 445, ""10100"": 3, ""00010"": 5, ""10010"": 10, ""11101"": 1, ""11000"": 24, ""00101"": 6, ""10101"": 2, ""01001"": 3, ""00100"": 3, ""10011"": 2, ""11001"": 1}","{""10000"": 495, ""00000"": 505}"
422,"{""00"": 990, ""11"": 4, ""01"": 3, ""10"": 3}","{""00"": 1000}"
425,"{""010"": 275, ""001"": 204, ""011"": 268, ""000"": 191, ""110"": 11, ""101"": 11, ""111"": 25, ""100"": 15}","{""011"": 278, ""010"": 309, ""000"": 223, ""001"": 190}"
426,"{""000"": 931, ""111"": 1, ""001"": 14, ""101"": 2, ""100"": 37, ""110"": 5, ""010"": 8, ""011"": 2}","{""000"": 1000}"
431,"{""11011"": 4, ""10010"": 423, ""10011"": 87, ""00010"": 30, ""00001"": 52, ""00000"": 339, ""11110"": 1, ""10110"": 7, ""10000"": 10, ""11111"": 3, ""11010"": 8, ""01001"": 3, ""00011"": 3, ""10001"": 6, ""00100"": 4, ""01000"": 9, ""01010"": 3, ""01101"": 1, ""01100"": 1, ""11001"": 1, ""00101"": 2, ""10111"": 1, ""01011"": 1, ""11000"": 1}","{""00000"": 404, ""10010"": 467, ""10011"": 67, ""00001"": 62}"
434,"{""1000"": 8, ""0000"": 881, ""1011"": 1, ""0010"": 99, ""0100"": 3, ""1010"": 5, ""0011"": 1, ""1100"": 1, ""0001"": 1}","{""0000"": 1000}"
435,"{""00000"": 6, ""01000"": 918, ""01100"": 53, ""11000"": 1, ""01001"": 10, ""01010"": 8, ""01110"": 3, ""11100"": 1}","{""01000"": 1000}"
437,"{""10001"": 1, ""01000"": 8, ""00000"": 920, ""00001"": 19, ""10000"": 16, ""00100"": 17, ""00010"": 9, ""10010"": 3, ""10110"": 2, ""00011"": 3, ""00110"": 1, ""10101"": 1}","{""00000"": 1000}"
438,"{""000"": 917, ""010"": 48, ""001"": 12, ""100"": 14, ""011"": 3, ""110"": 5, ""111"": 1}","{""000"": 1000}"
439,"{""01100"": 793, ""00100"": 10, ""01101"": 21, ""00000"": 79, ""10100"": 2, ""01110"": 12, ""01001"": 7, ""01010"": 1, ""01000"": 34, ""11001"": 1, ""11100"": 27, ""00010"": 1, ""10000"": 3, ""01111"": 2, ""00001"": 3, ""11101"": 2, ""10001"": 1, ""11000"": 1}","{""01100"": 906, ""00000"": 94}"
440,"{""01000"": 6, ""10001"": 6, ""00000"": 421, ""10101"": 5, ""00100"": 500, ""00110"": 16, ""00010"": 8, ""00001"": 11, ""10000"": 6, ""00101"": 7, ""01100"": 6, ""10100"": 4, ""01010"": 1, ""10011"": 1, ""10111"": 1, ""01101"": 1}","{""00100"": 562, ""00000"": 438}"
441,"{""1000"": 399, ""0000"": 398, ""0100"": 62, ""0001"": 19, ""1001"": 21, ""1010"": 8, ""1100"": 77, ""0101"": 1, ""1101"": 3, ""0010"": 8, ""1011"": 1, ""1110"": 2, ""0110"": 1}","{""1000"": 475, ""0000"": 400, ""0100"": 54, ""1100"": 71}"
443,"{""1000"": 104, ""0000"": 260, ""1001"": 141, ""0001"": 393, ""0011"": 28, ""0010"": 17, ""1011"": 17, ""0111"": 2, ""1100"": 3, ""1010"": 10, ""0101"": 10, ""0110"": 1, ""0100"": 10, ""1101"": 4}","{""0001"": 476, ""1001"": 124, ""0000"": 301, ""1000"": 99}"
444,"{""11010"": 10, ""01000"": 227, ""10001"": 2, ""00000"": 246, ""10000"": 12, ""01010"": 215, ""00010"": 248, ""00100"": 3, ""00001"": 6, ""01110"": 2, ""01100"": 2, ""11000"": 8, ""10011"": 1, ""01001"": 3, ""00011"": 3, ""10010"": 4, ""01011"": 1, ""00110"": 4, ""11001"": 1, ""11011"": 1, ""00101"": 1}","{""01010"": 249, ""00010"": 240, ""01000"": 266, ""00000"": 245}"
445,"{""000"": 447, ""110"": 525, ""001"": 1, ""100"": 14, ""010"": 12, ""111"": 1}","{""000"": 462, ""110"": 538}"
450,"{""110"": 7, ""111"": 375, ""011"": 411, ""000"": 100, ""100"": 94, ""010"": 8, ""001"": 4, ""101"": 1}","{""011"": 385, ""100"": 95, ""111"": 400, ""000"": 120}"
451,"{""1000"": 69, ""0000"": 894, ""0001"": 11, ""1010"": 4, ""0010"": 13, ""1101"": 1, ""0100"": 6, ""0101"": 1, ""0011"": 1}","{""0000"": 927, ""1000"": 73}"
458,"{""00100"": 396, ""01000"": 20, ""00000"": 446, ""10000"": 18, ""00010"": 20, ""01100"": 17, ""01110"": 3, ""00101"": 12, ""10100"": 21, ""10110"": 4, ""00001"": 11, ""01010"": 4, ""10001"": 8, ""00110"": 8, ""01101"": 2, ""00111"": 3, ""10010"": 1, ""10101"": 4, ""00011"": 1, ""10111"": 1}","{""00100"": 489, ""00000"": 511}"
461,"{""01"": 727, ""00"": 93, ""10"": 20, ""11"": 160}","{""11"": 156, ""01"": 740, ""00"": 87, ""10"": 17}"
464,"{""0100"": 645, ""0101"": 165, ""0110"": 26, ""0000"": 110, ""0111"": 5, ""0001"": 28, ""0010"": 6, ""1100"": 9, ""1101"": 1, ""1001"": 3, ""1000"": 1, ""0011"": 1}","{""0000"": 114, ""0100"": 695, ""0101"": 171, ""0001"": 20}"
465,"{""01001"": 5, ""01010"": 18, ""10000"": 229, ""11000"": 236, ""00000"": 199, ""01000"": 239, ""00100"": 4, ""00010"": 15, ""01011"": 3, ""11010"": 9, ""11001"": 3, ""00001"": 9, ""01100"": 2, ""10001"": 4, ""11100"": 3, ""10100"": 4, ""10010"": 12, ""01110"": 2, ""11110"": 2, ""00110"": 1, ""10101"": 1}","{""11000"": 267, ""10000"": 232, ""00000"": 260, ""01000"": 241}"
466,"{""00000"": 73, ""01000"": 859, ""01100"": 7, ""01010"": 9, ""01001"": 6, ""11000"": 35, ""10000"": 3, ""11101"": 2, ""11100"": 4, ""11001"": 1, ""00001"": 1}","{""00000"": 69, ""01000"": 931}"
467,"{""00"": 507, ""10"": 484, ""11"": 6, ""01"": 3}","{""00"": 518, ""10"": 482}"
468,"{""000"": 952, ""001"": 12, ""111"": 3, ""011"": 2, ""100"": 9, ""110"": 3, ""010"": 18, ""101"": 1}","{""000"": 1000}"
470,"{""10000"": 46, ""11000"": 383, ""01000"": 40, ""00000"": 385, ""11001"": 22, ""10100"": 1, ""00100"": 19, ""01100"": 3, ""11110"": 3, ""10001"": 2, ""00001"": 22, ""00110"": 4, ""00111"": 1, ""10010"": 5, ""10011"": 6, ""11100"": 5, ""00010"": 10, ""00101"": 2, ""11010"": 12, ""10110"": 3, ""01001"": 6, ""00011"": 6, ""11101"": 2, ""11011"": 3, ""01011"": 1, ""01010"": 3, ""01110"": 3, ""01101"": 1, ""11111"": 1}","{""00000"": 503, ""11000"": 497}"
472,"{""01000"": 15, ""00000"": 212, ""01010"": 19, ""00001"": 224, ""10010"": 3, ""00011"": 222, ""01011"": 14, ""00010"": 237, ""10001"": 8, ""00111"": 6, ""10000"": 2, ""00100"": 5, ""11000"": 1, ""01001"": 13, ""01110"": 1, ""01100"": 2, ""00101"": 6, ""00110"": 3, ""11010"": 1, ""01111"": 1, ""10011"": 2, ""11001"": 1, ""11011"": 1, ""01101"": 1}","{""00001"": 255, ""00010"": 201, ""00000"": 276, ""00011"": 268}"
474,"{""00"": 978, ""10"": 7, ""01"": 13, ""11"": 2}","{""00"": 999, ""11"": 1}"
475,"{""1000"": 125, ""0000"": 233, ""1100"": 211, ""1101"": 2, ""0100"": 400, ""0010"": 3, ""0110"": 3, ""0101"": 4, ""1001"": 3, ""0011"": 2, ""1111"": 2, ""1110"": 4, ""1010"": 5, ""0001"": 3}","{""0100"": 381, ""1100"": 209, ""1000"": 119, ""0000"": 291}"
476,"{""1010"": 7, ""0001"": 52, ""1000"": 15, ""0000"": 595, ""0011"": 22, ""0010"": 279, ""0110"": 6, ""0100"": 12, ""1101"": 1, ""0101"": 3, ""1100"": 3, ""0111"": 1, ""1001"": 3, ""1011"": 1}","{""0000"": 685, ""0010"": 315}"
477,"{""00100"": 79, ""10101"": 177, ""00101"": 6, ""11101"": 9, ""11001"": 13, ""00000"": 154, ""10001"": 469, ""10010"": 7, ""10000"": 26, ""00011"": 2, ""11000"": 5, ""10111"": 3, ""10011"": 5, ""10100"": 14, ""10110"": 1, ""00001"": 14, ""01000"": 11, ""00010"": 1, ""00111"": 1, ""01001"": 2, ""01101"": 1}","{""00000"": 144, ""10001"": 591, ""00100"": 59, ""10101"": 200, ""00001"": 5, ""10000"": 1}"
479,"{""111"": 314, ""110"": 171, ""101"": 263, ""100"": 241, ""011"": 4, ""000"": 5, ""001"": 1, ""010"": 1}","{""100"": 257, ""111"": 334, ""101"": 219, ""110"": 190}"
480,"{""10100"": 144, ""10000"": 234, ""11000"": 238, ""11100"": 181, ""00000"": 68, ""11010"": 5, ""01000"": 66, ""01100"": 21, ""00100"": 11, ""10101"": 4, ""11101"": 4, ""00110"": 2, ""10001"": 8, ""11001"": 3, ""10010"": 1, ""00001"": 1, ""10110"": 2, ""01010"": 2, ""01001"": 1, ""11110"": 2, ""01101"": 1, ""00010"": 1}","{""01000"": 73, ""00000"": 81, ""10000"": 263, ""11000"": 215, ""10100"": 177, ""11100"": 191}"
481,"{""000"": 969, ""100"": 6, ""010"": 12, ""001"": 10, ""110"": 3}","{""000"": 1000}"
482,"{""0010"": 22, ""1000"": 34, ""0000"": 907, ""0100"": 8, ""0001"": 11, ""1010"": 8, ""0011"": 7, ""0111"": 2, ""0110"": 1}","{""0000"": 1000}"
484,"{""01001"": 399, ""00001"": 23, ""00100"": 18, ""01101"": 413, ""11001"": 13, ""01011"": 18, ""00101"": 19, ""01111"": 24, ""00000"": 19, ""11101"": 14, ""11100"": 1, ""01100"": 9, ""10001"": 2, ""00110"": 3, ""01110"": 1, ""11010"": 1, ""00111"": 3, ""10100"": 1, ""00010"": 3, ""01000"": 7, ""11111"": 2, ""10111"": 3, ""10101"": 1, ""11000"": 1, ""00011"": 2}","{""00100"": 18, ""01101"": 484, ""01001"": 484, ""00000"": 14}"
486,"{""00000"": 373, ""10001"": 2, ""01000"": 464, ""01010"": 20, ""10000"": 27, ""00001"": 11, ""11000"": 28, ""00010"": 18, ""00110"": 1, ""00100"": 3, ""00011"": 5, ""10010"": 8, ""01011"": 6, ""01001"": 17, ""11011"": 2, ""11010"": 4, ""01110"": 3, ""01100"": 6, ""01101"": 1, ""01111"": 1}","{""00000"": 375, ""01000"": 625}"
490,"{""01000"": 62, ""00000"": 871, ""00010"": 13, ""01110"": 2, ""00100"": 18, ""00001"": 7, ""01010"": 6, ""10000"": 8, ""11000"": 2, ""00110"": 10, ""01100"": 1}","{""00000"": 1000}"
491,"{""000"": 758, ""010"": 208, ""100"": 12, ""110"": 5, ""001"": 12, ""011"": 3, ""111"": 1, ""101"": 1}","{""010"": 215, ""000"": 785}"
494,"{""01"": 782, ""00"": 213, ""11"": 4, ""10"": 1}","{""00"": 190, ""01"": 810}"
495,"{""00"": 505, ""01"": 483, ""11"": 6, ""10"": 6}","{""01"": 503, ""00"": 497}"
496,"{""01000"": 6, ""10001"": 131, ""00000"": 345, ""10000"": 363, ""00001"": 128, ""01011"": 2, ""00010"": 6, ""10010"": 5, ""00011"": 4, ""11001"": 1, ""10100"": 1, ""11000"": 1, ""01010"": 4, ""10011"": 1, ""00100"": 1, ""11010"": 1}","{""00000"": 380, ""10001"": 128, ""00001"": 155, ""10000"": 337}"
497,"{""000"": 976, ""100"": 9, ""001"": 5, ""010"": 10}","{""000"": 1000}"
498,"{""01001"": 13, ""00001"": 927, ""00011"": 20, ""00000"": 10, ""10001"": 10, ""00101"": 9, ""01101"": 2, ""01011"": 6, ""00111"": 1, ""11101"": 1, ""11001"": 1}","{""00001"": 1000}"
499,"{""000"": 509, ""010"": 444, ""001"": 15, ""011"": 18, ""100"": 3, ""110"": 9, ""101"": 1, ""111"": 1}","{""010"": 479, ""000"": 521}"
500,"{""00"": 989, ""10"": 6, ""01"": 3, ""11"": 2}","{""00"": 1000}"
501,"{""1101"": 1, ""0100"": 932, ""0101"": 8, ""0110"": 10, ""0010"": 6, ""1100"": 11, ""0000"": 30, ""1010"": 1, ""1111"": 1}","{""0100"": 1000}"
504,"{""001"": 417, ""000"": 383, ""111"": 2, ""100"": 97, ""101"": 93, ""011"": 4, ""110"": 1, ""010"": 3}","{""000"": 387, ""001"": 436, ""101"": 103, ""100"": 74}"
505,"{""00010"": 433, ""01000"": 17, ""00000"": 472, ""01010"": 16, ""10000"": 9, ""00110"": 6, ""00011"": 8, ""10010"": 9, ""10011"": 1, ""00001"": 8, ""10001"": 7, ""11001"": 3, ""11011"": 2, ""11010"": 1, ""01001"": 5, ""00100"": 2, ""00111"": 1}","{""00000"": 500, ""00010"": 500}"
507,"{""0000"": 866, ""1000"": 14, ""0001"": 40, ""1100"": 8, ""0100"": 27, ""0010"": 23, ""0101"": 3, ""0111"": 1, ""0011"": 7, ""0110"": 9, ""1010"": 2}","{""0000"": 1000}"
512,"{""00"": 797, ""11"": 188, ""01"": 9, ""10"": 6}","{""00"": 788, ""11"": 212}"
514,"{""10"": 980, ""00"": 7, ""11"": 10, ""01"": 3}","{""10"": 1000}"
515,"{""10"": 951, ""00"": 47, ""01"": 1, ""11"": 1}","{""10"": 960, ""00"": 40}"
516,"{""0010"": 732, ""0110"": 46, ""1111"": 11, ""0011"": 40, ""1010"": 18, ""1000"": 8, ""0000"": 87, ""1110"": 7, ""0111"": 27, ""1011"": 7, ""0101"": 2, ""0100"": 5, ""0001"": 8, ""1101"": 2}","{""0010"": 965, ""0000"": 35}"
517,"{""001"": 608, ""000"": 301, ""011"": 70, ""110"": 2, ""010"": 12, ""100"": 4, ""101"": 3}","{""001"": 645, ""000"": 315, ""011"": 40}"
518,"{""01"": 909, ""11"": 84, ""00"": 7}","{""01"": 924, ""11"": 76}"
519,"{""00"": 951, ""10"": 40, ""11"": 3, ""01"": 6}","{""00"": 969, ""10"": 31}"
525,"{""000"": 876, ""010"": 51, ""001"": 20, ""100"": 25, ""011"": 17, ""101"": 6, ""111"": 3, ""110"": 2}","{""000"": 1000}"
527,"{""01110"": 196, ""00111"": 202, ""00110"": 172, ""01111"": 221, ""01011"": 50, ""00010"": 47, ""01010"": 48, ""00011"": 54, ""00101"": 2, ""01101"": 3, ""10110"": 1, ""00100"": 2, ""11110"": 2}","{""00011"": 51, ""00010"": 48, ""01011"": 58, ""00110"": 183, ""01111"": 215, ""00111"": 201, ""01110"": 194, ""01010"": 50}"
530,"{""01000"": 28, ""00000"": 821, ""00001"": 23, ""10000"": 34, ""00010"": 34, ""00110"": 5, ""10010"": 11, ""00100"": 23, ""11100"": 1, ""10110"": 2, ""10100"": 4, ""01001"": 3, ""11010"": 1, ""10001"": 4, ""01100"": 5, ""11000"": 1}","{""00000"": 1000}"
532,"{""1000"": 35, ""0000"": 805, ""0010"": 35, ""1100"": 34, ""0011"": 3, ""1010"": 14, ""0100"": 44, ""0110"": 11, ""0001"": 11, ""1001"": 2, ""0101"": 2, ""1110"": 3, ""1111"": 1}","{""0000"": 985, ""1100"": 15}"
533,"{""000"": 902, ""011"": 2, ""010"": 42, ""100"": 18, ""001"": 19, ""110"": 3, ""101"": 10, ""111"": 4}","{""000"": 1000}"
534,"{""10"": 392, ""11"": 187, ""00"": 409, ""01"": 12}","{""10"": 388, ""00"": 418, ""11"": 194}"
536,"{""1010"": 319, ""1011"": 38, ""0010"": 297, ""1110"": 95, ""0110"": 111, ""1111"": 48, ""0011"": 50, ""0111"": 18, ""0000"": 10, ""0100"": 5, ""1100"": 2, ""1101"": 2, ""0001"": 1, ""1000"": 3, ""1001"": 1}","{""1010"": 339, ""0110"": 105, ""1111"": 50, ""0010"": 338, ""1011"": 26, ""1110"": 88, ""0011"": 42, ""0111"": 12}"
537,"{""10"": 378, ""11"": 393, ""00"": 115, ""01"": 114}","{""00"": 99, ""11"": 400, ""10"": 394, ""01"": 107}"
540,"{""01011"": 4, ""01001"": 14, ""10000"": 15, ""00001"": 410, ""00000"": 404, ""10001"": 18, ""01101"": 5, ""00111"": 2, ""01100"": 5, ""00100"": 16, ""00011"": 34, ""01010"": 5, ""00101"": 15, ""10010"": 4, ""00010"": 21, ""01000"": 12, ""10100"": 5, ""10101"": 2, ""10011"": 2, ""11000"": 3, ""00110"": 2, ""10110"": 1, ""11011"": 1}","{""00001"": 509, ""00000"": 491}"
543,"{""10"": 345, ""00"": 359, ""01"": 155, ""11"": 141}","{""10"": 364, ""01"": 162, ""11"": 146, ""00"": 328}"
546,"{""0001"": 28, ""1000"": 9, ""0000"": 943, ""1011"": 2, ""0010"": 8, ""0110"": 3, ""0100"": 6, ""0011"": 1}","{""0000"": 1000}"
548,"{""00"": 982, ""10"": 11, ""01"": 5, ""11"": 2}","{""00"": 1000}"
553,"{""1000"": 22, ""0000"": 853, ""0100"": 47, ""1001"": 6, ""0001"": 36, ""0010"": 12, ""0101"": 16, ""1100"": 2, ""0011"": 1, ""0110"": 3, ""1010"": 1, ""1101"": 1}","{""0000"": 1000}"
554,"{""11"": 449, ""00"": 526, ""01"": 11, ""10"": 14}","{""11"": 438, ""00"": 562}"
555,"{""10011"": 2, ""00010"": 29, ""00000"": 848, ""00011"": 11, ""11000"": 4, ""00001"": 23, ""10000"": 35, ""00100"": 19, ""10010"": 3, ""00110"": 4, ""10100"": 5, ""01000"": 8, ""01100"": 6, ""11001"": 1, ""10001"": 2}","{""00000"": 1000}"
556,"{""00110"": 324, ""11110"": 10, ""00100"": 101, ""00010"": 334, ""00011"": 12, ""00000"": 112, ""11111"": 1, ""10110"": 13, ""00101"": 5, ""00001"": 5, ""00111"": 15, ""10000"": 5, ""10010"": 9, ""01010"": 24, ""01110"": 14, ""01100"": 3, ""11000"": 4, ""01000"": 5, ""10100"": 2, ""01001"": 1, ""10111"": 1}","{""00110"": 356, ""00100"": 93, ""01000"": 2, ""00000"": 112, ""00010"": 399, ""01100"": 3, ""00011"": 11, ""00111"": 16, ""01010"": 1, ""00101"": 4, ""11110"": 2, ""00001"": 1}"
557,"{""01"": 957, ""11"": 38, ""00"": 5}","{""01"": 978, ""11"": 22}"
559,"{""1011"": 253, ""0010"": 575, ""0110"": 11, ""1001"": 14, ""1010"": 32, ""0011"": 36, ""1110"": 3, ""0000"": 33, ""0001"": 16, ""1000"": 18, ""0111"": 1, ""1111"": 5, ""0101"": 1, ""0100"": 2}","{""0010"": 700, ""1011"": 300}"
560,"{""00100"": 116, ""00101"": 108, ""00011"": 104, ""00110"": 123, ""00010"": 113, ""00111"": 121, ""00000"": 119, ""10001"": 4, ""00001"": 120, ""10111"": 3, ""01111"": 8, ""01101"": 6, ""01011"": 7, ""10110"": 4, ""10010"": 7, ""01100"": 5, ""01000"": 4, ""01010"": 3, ""11101"": 2, ""10100"": 6, ""01001"": 8, ""11010"": 1, ""01110"": 3, ""11100"": 1, ""10101"": 2, ""10000"": 1, ""10011"": 1}","{""00001"": 117, ""00010"": 122, ""00101"": 145, ""00000"": 121, ""00100"": 104, ""00011"": 122, ""00110"": 137, ""00111"": 132}"
561,"{""010"": 661, ""000"": 298, ""011"": 21, ""001"": 11, ""110"": 7, ""100"": 2}","{""010"": 725, ""000"": 275}"
562,"{""00001"": 15, ""01001"": 336, ""01000"": 28, ""11001"": 5, ""00000"": 479, ""00011"": 8, ""00010"": 32, ""01011"": 22, ""10000"": 20, ""00101"": 5, ""01101"": 7, ""00110"": 6, ""00100"": 14, ""00111"": 2, ""01111"": 3, ""01100"": 7, ""10010"": 1, ""01010"": 6, ""11101"": 2, ""11000"": 2}","{""00000"": 608, ""01001"": 392}"
566,"{""01110"": 70, ""10110"": 36, ""00111"": 17, ""11111"": 190, ""10111"": 38, ""01111"": 7, ""00110"": 374, ""11110"": 174, ""11100"": 13, ""00000"": 2, ""11010"": 4, ""00100"": 27, ""10100"": 3, ""00010"": 3, ""01100"": 7, ""11011"": 3, ""10101"": 3, ""01010"": 1, ""11101"": 23, ""00101"": 2, ""10010"": 3}","{""00100"": 22, ""11110"": 200, ""10110"": 33, ""11111"": 222, ""10111"": 37, ""00110"": 372, ""01110"": 83, ""11101"": 14, ""11100"": 10, ""01100"": 4, ""10100"": 3}"
569,"{""1011"": 42, ""0010"": 376, ""0011"": 127, ""1000"": 12, ""0000"": 191, ""0001"": 60, ""1010"": 164, ""0111"": 8, ""0100"": 5, ""0110"": 2, ""1111"": 4, ""1101"": 3, ""1001"": 2, ""0101"": 2, ""1100"": 2}","{""0001"": 71, ""1010"": 176, ""0000"": 211, ""0011"": 104, ""1011"": 43, ""0010"": 395}"
570,"{""000"": 907, ""010"": 23, ""110"": 11, ""100"": 26, ""001"": 20, ""111"": 5, ""101"": 5, ""011"": 3}","{""000"": 1000}"
572,"{""0000"": 417, ""1000"": 436, ""0011"": 5, ""1100"": 13, ""1110"": 3, ""1010"": 29, ""1001"": 13, ""0100"": 21, ""0010"": 19, ""1011"": 6, ""0110"": 4, ""0001"": 20, ""1111"": 10, ""0111"": 1, ""1101"": 2, ""0101"": 1}","{""0000"": 522, ""1000"": 478}"
573,"{""11010"": 196, ""00000"": 211, ""01000"": 229, ""10111"": 2, ""00010"": 20, ""10010"": 217, ""01010"": 20, ""00001"": 11, ""10011"": 3, ""11110"": 11, ""00100"": 5, ""11000"": 16, ""11001"": 2, ""01001"": 4, ""01011"": 1, ""01100"": 7, ""10110"": 3, ""10000"": 22, ""11100"": 1, ""01110"": 3, ""11111"": 4, ""10100"": 2, ""11011"": 5, ""10001"": 3, ""01101"": 1, ""00101"": 1}","{""01000"": 282, ""00000"": 229, ""11010"": 232, ""10010"": 248, ""01010"": 5, ""00010"": 4}"
574,"{""011"": 102, ""111"": 377, ""001"": 356, ""110"": 16, ""101"": 123, ""100"": 6, ""010"": 6, ""000"": 14}","{""001"": 393, ""111"": 398, ""011"": 101, ""101"": 108}"
575,"{""10001"": 6, ""00000"": 323, ""10100"": 2, ""00101"": 119, ""00001"": 345, ""01101"": 5, ""00100"": 131, ""00011"": 4, ""01000"": 22, ""10000"": 2, ""01001"": 14, ""01100"": 10, ""11000"": 1, ""00110"": 2, ""01011"": 2, ""00010"": 2, ""00111"": 3, ""11100"": 1, ""11101"": 2, ""11010"": 1, ""11111"": 1, ""10110"": 1, ""10011"": 1}","{""00001"": 381, ""00000"": 349, ""00101"": 124, ""00100"": 146}"
576,"{""00010"": 381, ""01000"": 13, ""00000"": 498, ""01010"": 17, ""10000"": 16, ""00001"": 7, ""00100"": 25, ""00110"": 17, ""01001"": 4, ""01101"": 4, ""11001"": 1, ""00011"": 2, ""01100"": 5, ""10010"": 7, ""01011"": 1, ""01110"": 1, ""10110"": 1}","{""00010"": 509, ""00000"": 491}"
581,"{""000"": 953, ""100"": 24, ""101"": 3, ""010"": 6, ""011"": 2, ""001"": 11, ""110"": 1}","{""000"": 1000}"
582,"{""01001"": 22, ""01010"": 10, ""00001"": 378, ""00000"": 390, ""10101"": 6, ""00010"": 35, ""10011"": 3, ""00011"": 27, ""01000"": 20, ""00100"": 22, ""10100"": 6, ""00101"": 23, ""10111"": 2, ""01011"": 6, ""10000"": 14, ""10001"": 17, ""11001"": 1, ""11100"": 3, ""10010"": 4, ""01100"": 2, ""01101"": 5, ""01111"": 2, ""00110"": 1, ""11101"": 1}","{""00100"": 19, ""00000"": 500, ""00001"": 465, ""00101"": 16}"
585,"{""0000"": 484, ""0010"": 433, ""1010"": 6, ""1001"": 2, ""0001"": 6, ""1101"": 5, ""0100"": 19, ""0111"": 2, ""1000"": 8, ""0110"": 16, ""0101"": 7, ""0011"": 6, ""1110"": 1, ""1011"": 3, ""1100"": 1, ""1111"": 1}","{""0000"": 537, ""0010"": 463}"
587,"{""1010"": 13, ""1001"": 11, ""0001"": 14, ""1000"": 27, ""0000"": 864, ""0100"": 37, ""1110"": 2, ""0010"": 18, ""1011"": 6, ""1101"": 1, ""1100"": 2, ""0011"": 4, ""0110"": 1}","{""0000"": 1000}"
589,"{""00"": 249, ""01"": 258, ""11"": 270, ""10"": 223}","{""00"": 236, ""01"": 256, ""10"": 260, ""11"": 248}"
592,"{""000"": 649, ""110"": 13, ""100"": 286, ""010"": 28, ""001"": 14, ""101"": 5, ""111"": 1, ""011"": 4}","{""000"": 667, ""100"": 333}"
594,"{""00010"": 848, ""00110"": 42, ""01010"": 32, ""10110"": 3, ""00111"": 1, ""10010"": 13, ""00011"": 13, ""00000"": 33, ""01110"": 3, ""01000"": 2, ""10000"": 2, ""01011"": 1, ""11010"": 6, ""10011"": 1}","{""00010"": 984, ""00000"": 16}"
597,"{""01000"": 70, ""00000"": 754, ""11000"": 7, ""00001"": 33, ""10000"": 32, ""00010"": 15, ""00100"": 22, ""00110"": 3, ""01001"": 19, ""10100"": 7, ""01100"": 8, ""01101"": 4, ""00101"": 14, ""01010"": 2, ""11001"": 3, ""10101"": 1, ""01011"": 1, ""10001"": 3, ""01110"": 1, ""11010"": 1}","{""00000"": 1000}"
598,"{""10000"": 159, ""00001"": 270, ""00011"": 14, ""11010"": 3, ""01000"": 27, ""10001"": 160, ""00000"": 267, ""00010"": 13, ""00101"": 6, ""11001"": 8, ""11011"": 6, ""10101"": 5, ""01001"": 17, ""10011"": 6, ""11000"": 19, ""10100"": 5, ""10010"": 7, ""01110"": 1, ""11101"": 1, ""00100"": 2, ""00110"": 1, ""01011"": 2, ""11111"": 1}","{""10000"": 180, ""00001"": 291, ""10001"": 184, ""00000"": 345}"
599,"{""00"": 212, ""01"": 269, ""11"": 512, ""10"": 7}","{""11"": 541, ""01"": 238, ""00"": 221}"
600,"{""11"": 491, ""01"": 41, ""10"": 441, ""00"": 27}","{""11"": 485, ""10"": 455, ""00"": 32, ""01"": 28}"
601,"{""1101"": 69, ""0100"": 459, ""1001"": 303, ""0110"": 9, ""1000"": 12, ""0000"": 115, ""1100"": 5, ""0101"": 12, ""1110"": 1, ""0001"": 9, ""1111"": 1, ""1011"": 2, ""0010"": 2, ""0111"": 1}","{""0100"": 521, ""1101"": 76, ""1001"": 296, ""0000"": 107}"
607,"{""11101"": 3, ""10001"": 51, ""11010"": 8, ""01000"": 389, ""01010"": 8, ""00001"": 57, ""11000"": 402, ""11110"": 7, ""00101"": 2, ""11001"": 9, ""00000"": 7, ""01100"": 16, ""11100"": 12, ""10000"": 8, ""01001"": 10, ""01110"": 3, ""01101"": 3, ""10010"": 1, ""10101"": 1, ""10111"": 1, ""10011"": 1, ""00100"": 1}","{""10001"": 50, ""01000"": 458, ""00001"": 38, ""11000"": 454}"
609,"{""00010"": 50, ""01000"": 15, ""00000"": 461, ""10100"": 4, ""00111"": 23, ""10111"": 4, ""00011"": 232, ""01010"": 11, ""11000"": 5, ""00100"": 50, ""00101"": 10, ""01110"": 1, ""10011"": 20, ""10001"": 16, ""10101"": 3, ""01111"": 3, ""00110"": 7, ""01100"": 4, ""10000"": 17, ""00001"": 30, ""01101"": 3, ""11001"": 4, ""01011"": 8, ""01001"": 9, ""10010"": 7, ""11011"": 2, ""11010"": 1}","{""00011"": 347, ""00000"": 653}"
610,"{""0010"": 602, ""1010"": 195, ""1001"": 30, ""0001"": 83, ""0110"": 18, ""1000"": 6, ""0000"": 28, ""1100"": 3, ""1110"": 8, ""0111"": 2, ""1011"": 3, ""0011"": 13, ""0100"": 3, ""0101"": 4, ""1111"": 2}","{""0010"": 647, ""1001"": 25, ""0001"": 102, ""1010"": 226}"
611,"{""1000"": 18, ""0000"": 910, ""0001"": 13, ""1001"": 2, ""0010"": 30, ""0100"": 11, ""0110"": 9, ""0111"": 2, ""1111"": 1, ""0101"": 3, ""0011"": 1}","{""0000"": 1000}"
614,"{""0010"": 255, ""0000"": 223, ""0100"": 249, ""0110"": 234, ""0011"": 5, ""1100"": 5, ""0001"": 2, ""0101"": 4, ""1101"": 5, ""1001"": 5, ""1000"": 4, ""1011"": 2, ""1110"": 1, ""1010"": 4, ""1111"": 2}","{""0000"": 263, ""0110"": 272, ""0100"": 235, ""0010"": 230}"
616,"{""001"": 148, ""010"": 340, ""000"": 367, ""011"": 124, ""100"": 2, ""111"": 8, ""110"": 6, ""101"": 5}","{""000"": 353, ""010"": 360, ""011"": 153, ""001"": 134}"
618,"{""001"": 254, ""000"": 482, ""100"": 161, ""101"": 99, ""010"": 3, ""110"": 1}","{""000"": 461, ""100"": 186, ""001"": 265, ""101"": 88}"
619,"{""0010"": 452, ""1010"": 428, ""1100"": 2, ""0011"": 19, ""0110"": 16, ""1111"": 5, ""1000"": 13, ""0000"": 20, ""0001"": 4, ""1011"": 17, ""0100"": 2, ""1110"": 10, ""1001"": 6, ""0111"": 6}","{""1010"": 478, ""0010"": 522}"
620,"{""10"": 489, ""11"": 500, ""01"": 4, ""00"": 7}","{""11"": 481, ""10"": 519}"
623,"{""101"": 387, ""000"": 571, ""100"": 18, ""111"": 7, ""001"": 10, ""010"": 5, ""110"": 2}","{""000"": 563, ""101"": 437}"
626,"{""1000"": 31, ""0000"": 254, ""0001"": 6, ""1010"": 560, ""0011"": 8, ""0010"": 50, ""1011"": 26, ""1110"": 28, ""1111"": 5, ""1001"": 4, ""0100"": 13, ""0101"": 7, ""1100"": 5, ""0110"": 2, ""0111"": 1}","{""1010"": 684, ""0000"": 316}"
627,"{""01"": 970, ""11"": 16, ""00"": 12, ""10"": 2}","{""01"": 1000}"
628,"{""000"": 959, ""100"": 14, ""001"": 19, ""010"": 5, ""011"": 2, ""101"": 1}","{""000"": 1000}"
630,"{""001"": 435, ""111"": 47, ""011"": 408, ""000"": 43, ""101"": 55, ""100"": 4, ""010"": 8}","{""000"": 47, ""011"": 434, ""001"": 428, ""101"": 36, ""111"": 49, ""100"": 6}"
631,"{""0100"": 464, ""1000"": 16, ""0000"": 448, ""0011"": 4, ""0001"": 17, ""0101"": 12, ""0010"": 6, ""1111"": 5, ""0111"": 6, ""0110"": 10, ""1100"": 8, ""1001"": 3, ""1010"": 1}","{""0100"": 499, ""0000"": 501}"
632,"{""000"": 456, ""010"": 489, ""111"": 5, ""001"": 9, ""011"": 12, ""110"": 15, ""101"": 4, ""100"": 10}","{""000"": 507, ""010"": 493}"
633,"{""1000"": 8, ""0000"": 699, ""0010"": 277, ""0100"": 2, ""1110"": 1, ""0110"": 1, ""0001"": 4, ""1010"": 6, ""1100"": 2}","{""0010"": 209, ""0000"": 791}"
634,"{""01"": 323, ""10"": 300, ""11"": 187, ""00"": 190}","{""01"": 333, ""10"": 316, ""11"": 183, ""00"": 168}"
636,"{""0001"": 10, ""1001"": 901, ""0100"": 1, ""1101"": 19, ""1000"": 14, ""0000"": 47, ""1111"": 1, ""0101"": 4, ""1011"": 3}","{""1001"": 950, ""0000"": 50}"
639,"{""0111"": 36, ""0101"": 382, ""0100"": 13, ""1101"": 377, ""0000"": 44, ""1000"": 48, ""1010"": 8, ""0110"": 3, ""0001"": 20, ""1111"": 30, ""1011"": 7, ""0010"": 5, ""1001"": 17, ""1100"": 9, ""0011"": 1}","{""0000"": 65, ""1000"": 56, ""1101"": 468, ""0101"": 411}"
642,"{""01"": 950, ""00"": 14, ""10"": 28, ""11"": 8}","{""01"": 972, ""10"": 28}"
643,"{""11"": 763, ""00"": 133, ""01"": 12, ""10"": 92}","{""11"": 823, ""10"": 48, ""00"": 129}"
644,"{""0100"": 422, ""0001"": 10, ""0000"": 416, ""0011"": 5, ""1100"": 13, ""0010"": 53, ""0101"": 17, ""0110"": 34, ""1010"": 5, ""1000"": 12, ""0111"": 6, ""1111"": 1, ""1110"": 2, ""1001"": 1, ""1011"": 2, ""1101"": 1}","{""0100"": 522, ""0000"": 478}"
646,"{""00000"": 420, ""01000"": 402, ""00001"": 14, ""11000"": 18, ""10000"": 20, ""01100"": 23, ""00100"": 22, ""11100"": 2, ""00101"": 5, ""01111"": 1, ""01001"": 7, ""01011"": 7, ""11001"": 3, ""10110"": 3, ""00111"": 2, ""11010"": 3, ""01010"": 11, ""00011"": 6, ""01110"": 9, ""00010"": 10, ""10100"": 1, ""10010"": 3, ""00110"": 5, ""11011"": 2, ""01101"": 1}","{""00000"": 506, ""01000"": 494}"
649,"{""011"": 501, ""001"": 481, ""000"": 5, ""010"": 5, ""111"": 4, ""101"": 4}","{""001"": 513, ""011"": 487}"
652,"{""01000"": 16, ""00000"": 881, ""01010"": 3, ""00001"": 25, ""00100"": 8, ""10100"": 1, ""00010"": 26, ""00111"": 4, ""10000"": 11, ""11010"": 1, ""00101"": 4, ""11000"": 3, ""00011"": 10, ""00110"": 3, ""10101"": 2, ""01100"": 1, ""01001"": 1}","{""00000"": 1000}"
657,"{""11"": 202, ""10"": 102, ""00"": 229, ""01"": 467}","{""01"": 437, ""00"": 234, ""11"": 240, ""10"": 89}"
658,"{""01"": 829, ""00"": 163, ""11"": 6, ""10"": 2}","{""01"": 828, ""00"": 172}"
660,"{""011"": 890, ""001"": 75, ""010"": 14, ""111"": 14, ""100"": 3, ""101"": 3, ""000"": 1}","{""011"": 930, ""001"": 70}"
669,"{""01000"": 14, ""00000"": 411, ""00010"": 459, ""00001"": 29, ""00110"": 10, ""00011"": 27, ""10010"": 10, ""00101"": 3, ""01010"": 8, ""10000"": 9, ""00100"": 9, ""10011"": 3, ""10001"": 3, ""11000"": 2, ""00111"": 1, ""10101"": 1, ""01100"": 1}","{""10001"": 1, ""00000"": 492, ""00010"": 507}"
670,"{""1011"": 4, ""0010"": 877, ""0011"": 42, ""0110"": 14, ""0001"": 3, ""1010"": 15, ""1000"": 1, ""0000"": 42, ""0111"": 2}","{""0010"": 1000}"
675,"{""100"": 713, ""101"": 230, ""001"": 24, ""110"": 10, ""000"": 20, ""010"": 2, ""111"": 1}","{""100"": 742, ""101"": 237, ""001"": 17, ""000"": 4}"
676,"{""010"": 662, ""000"": 171, ""100"": 132, ""110"": 30, ""001"": 2, ""011"": 2, ""101"": 1}","{""010"": 687, ""000"": 157, ""100"": 130, ""110"": 26}"
677,"{""1000"": 41, ""0000"": 863, ""1001"": 11, ""1010"": 5, ""0001"": 26, ""0110"": 4, ""0100"": 15, ""0010"": 18, ""0101"": 7, ""1100"": 8, ""0011"": 2}","{""0000"": 999, ""1001"": 1}"
678,"{""00"": 986, ""01"": 11, ""10"": 3}","{""00"": 1000}"
679,"{""010"": 139, ""000"": 112, ""110"": 133, ""001"": 128, ""101"": 126, ""100"": 124, ""111"": 109, ""011"": 129}","{""011"": 124, ""001"": 137, ""111"": 115, ""101"": 144, ""000"": 98, ""010"": 119, ""100"": 133, ""110"": 130}"
680,"{""100"": 905, ""101"": 12, ""110"": 38, ""010"": 10, ""111"": 5, ""000"": 24, ""011"": 3, ""001"": 3}","{""100"": 1000}"
681,"{""000"": 959, ""001"": 6, ""010"": 9, ""101"": 7, ""100"": 15, ""111"": 4}","{""000"": 1000}"
682,"{""10"": 459, ""00"": 438, ""01"": 63, ""11"": 40}","{""00"": 413, ""10"": 487, ""01"": 52, ""11"": 48}"
683,"{""000"": 838, ""001"": 63, ""010"": 23, ""111"": 7, ""101"": 13, ""100"": 26, ""011"": 16, ""110"": 14}","{""001"": 37, ""000"": 963}"
684,"{""00"": 986, ""01"": 3, ""10"": 9, ""11"": 2}","{""00"": 1000}"
685,"{""00010"": 202, ""01011"": 19, ""01000"": 22, ""00000"": 243, ""00011"": 188, ""00100"": 7, ""01010"": 23, ""00001"": 183, ""00110"": 10, ""10010"": 10, ""00101"": 5, ""11001"": 4, ""01001"": 21, ""01100"": 3, ""10001"": 8, ""00111"": 4, ""11011"": 5, ""10111"": 2, ""10101"": 1, ""10011"": 11, ""01111"": 5, ""10000"": 9, ""10110"": 2, ""11010"": 2, ""10100"": 2, ""01110"": 1, ""01101"": 3, ""11100"": 1, ""11000"": 2, ""11111"": 1, ""11101"": 1}","{""00000"": 301, ""00010"": 268, ""00011"": 210, ""00001"": 221}"
688,"{""1001"": 17, ""0001"": 407, ""1000"": 19, ""0000"": 419, ""1100"": 11, ""0011"": 23, ""0010"": 22, ""1101"": 4, ""0100"": 24, ""1010"": 8, ""0101"": 33, ""1111"": 3, ""0111"": 1, ""0110"": 4, ""1011"": 5}","{""0001"": 505, ""0000"": 495}"
690,"{""110"": 457, ""111"": 446, ""011"": 18, ""101"": 20, ""010"": 15, ""100"": 29, ""000"": 11, ""001"": 4}","{""111"": 503, ""110"": 497}"
691,"{""1000"": 15, ""0000"": 849, ""0001"": 69, ""0010"": 9, ""0101"": 8, ""0100"": 26, ""1100"": 6, ""0110"": 7, ""0011"": 3, ""1001"": 5, ""1010"": 3}","{""0000"": 1000}"
693,"{""01000"": 7, ""00000"": 216, ""00100"": 345, ""10100"": 4, ""00101"": 210, ""01100"": 11, ""01001"": 3, ""00001"": 136, ""00011"": 12, ""00010"": 12, ""01101"": 5, ""11100"": 1, ""10101"": 3, ""01010"": 1, ""01110"": 2, ""10000"": 3, ""00111"": 12, ""00110"": 9, ""01111"": 1, ""10001"": 2, ""01011"": 1, ""10010"": 1, ""10011"": 1, ""11111"": 1, ""10110"": 1}","{""00001"": 146, ""00100"": 383, ""00101"": 241, ""00000"": 230}"
696,"{""1000"": 4, ""0000"": 313, ""0010"": 337, ""0100"": 5, ""1010"": 2, ""1001"": 5, ""0001"": 171, ""0011"": 154, ""1100"": 1, ""1110"": 1, ""0110"": 4, ""0101"": 2, ""1011"": 1}","{""0000"": 346, ""0001"": 172, ""0010"": 334, ""0011"": 148}"
697,"{""100"": 951, ""110"": 7, ""101"": 20, ""000"": 16, ""001"": 4, ""011"": 1, ""111"": 1}","{""100"": 1000}"
700,"{""000"": 595, ""101"": 165, ""111"": 47, ""010"": 162, ""011"": 4, ""100"": 15, ""110"": 6, ""001"": 6}","{""000"": 630, ""101"": 192, ""010"": 144, ""111"": 34}"
701,"{""000"": 419, ""010"": 411, ""110"": 15, ""001"": 70, ""011"": 54, ""111"": 7, ""100"": 20, ""101"": 4}","{""000"": 436, ""010"": 495, ""011"": 30, ""001"": 39}"
702,"{""1100"": 147, ""0000"": 69, ""1000"": 270, ""0001"": 57, ""1001"": 246, ""0100"": 38, ""1101"": 129, ""0101"": 31, ""1111"": 3, ""1011"": 1, ""1010"": 4, ""0110"": 2, ""1110"": 2, ""0111"": 1}","{""0001"": 52, ""1001"": 230, ""0000"": 91, ""1000"": 277, ""1100"": 153, ""1101"": 130, ""0100"": 43, ""0101"": 24}"
704,"{""11"": 477, ""10"": 467, ""00"": 31, ""01"": 25}","{""11"": 486, ""10"": 491, ""01"": 14, ""00"": 9}"
706,"{""011"": 2, ""000"": 937, ""100"": 16, ""010"": 17, ""001"": 18, ""101"": 8, ""110"": 1, ""111"": 1}","{""000"": 1000}"
708,"{""1000"": 44, ""0000"": 867, ""0100"": 35, ""0010"": 18, ""0110"": 11, ""0001"": 14, ""1110"": 1, ""1100"": 3, ""0101"": 4, ""0111"": 1, ""0011"": 1, ""1010"": 1}","{""1000"": 9, ""0000"": 991}"
711,"{""10001"": 6, ""01000"": 23, ""00000"": 837, ""01010"": 4, ""00001"": 20, ""10000"": 33, ""00100"": 26, ""00010"": 31, ""00110"": 4, ""00101"": 5, ""01100"": 3, ""10100"": 2, ""11010"": 1, ""10101"": 1, ""00011"": 1, ""10010"": 1, ""01110"": 2}","{""00000"": 1000}"
712,"{""1000"": 29, ""0000"": 841, ""0100"": 56, ""1011"": 6, ""0010"": 19, ""0001"": 19, ""1100"": 8, ""0110"": 2, ""0011"": 8, ""0101"": 5, ""1010"": 4, ""1111"": 2, ""1101"": 1}","{""0000"": 1000}"
713,"{""11001"": 20, ""01000"": 376, ""00000"": 340, ""11000"": 22, ""10000"": 16, ""01010"": 13, ""01100"": 22, ""00010"": 14, ""00001"": 25, ""10001"": 20, ""00101"": 9, ""01001"": 35, ""11010"": 8, ""11100"": 9, ""01101"": 6, ""10100"": 6, ""11011"": 1, ""00100"": 26, ""01011"": 4, ""01110"": 4, ""00011"": 2, ""10101"": 2, ""10010"": 5, ""00110"": 3, ""10110"": 1, ""11101"": 8, ""10111"": 2, ""00111"": 1}","{""01000"": 538, ""00000"": 462}"
714,"{""1000"": 26, ""0000"": 825, ""0010"": 37, ""0001"": 48, ""1010"": 3, ""0100"": 23, ""0101"": 5, ""0110"": 9, ""1100"": 5, ""1011"": 4, ""0011"": 6, ""1111"": 2, ""0111"": 2, ""1001"": 5}","{""0000"": 1000}"
715,"{""10001"": 11, ""01000"": 44, ""11001"": 6, ""00000"": 659, ""00010"": 153, ""10000"": 18, ""00001"": 34, ""00110"": 6, ""11000"": 2, ""00100"": 26, ""00011"": 10, ""01001"": 7, ""00101"": 6, ""01010"": 2, ""10011"": 4, ""11010"": 2, ""01100"": 7, ""10010"": 1, ""11101"": 1, ""00111"": 1}","{""00000"": 833, ""00010"": 167}"
719,"{""11010"": 6, ""01000"": 8, ""00000"": 823, ""11000"": 21, ""00001"": 42, ""10000"": 27, ""00010"": 27, ""10100"": 5, ""10110"": 1, ""00100"": 17, ""11001"": 5, ""00101"": 1, ""00111"": 3, ""10010"": 2, ""00110"": 3, ""10001"": 2, ""01010"": 1, ""00011"": 3, ""10101"": 1, ""11100"": 1, ""11111"": 1}","{""00000"": 1000}"
722,"{""00"": 454, ""01"": 535, ""11"": 5, ""10"": 6}","{""01"": 511, ""00"": 489}"
726,"{""1000"": 28, ""0000"": 885, ""0100"": 71, ""0001"": 3, ""1010"": 1, ""0010"": 7, ""1100"": 3, ""0110"": 2}","{""0000"": 934, ""0100"": 66}"
729,"{""11010"": 18, ""00000"": 14, ""01000"": 426, ""01001"": 17, ""00001"": 6, ""11000"": 410, ""01110"": 4, ""11100"": 7, ""01100"": 12, ""10000"": 10, ""11001"": 30, ""01101"": 7, ""11011"": 4, ""10001"": 6, ""10010"": 3, ""01010"": 14, ""10100"": 2, ""01111"": 1, ""01011"": 1, ""10111"": 1, ""00100"": 1, ""11101"": 2, ""10011"": 1, ""00010"": 1, ""10101"": 1, ""00011"": 1}","{""11000"": 490, ""01000"": 510}"
730,"{""01101"": 3, ""10101"": 164, ""11101"": 151, ""10001"": 47, ""11001"": 614, ""11100"": 1, ""11000"": 6, ""01001"": 7, ""11111"": 2, ""11011"": 1, ""00101"": 2, ""10111"": 2}","{""10001"": 26, ""11001"": 672, ""11101"": 139, ""10101"": 163}"
732,"{""110"": 408, ""100"": 454, ""101"": 41, ""111"": 55, ""011"": 14, ""000"": 7, ""001"": 11, ""010"": 10}","{""100"": 437, ""110"": 445, ""111"": 38, ""101"": 48, ""001"": 16, ""011"": 15, ""000"": 1}"
733,"{""00001"": 410, ""01001"": 423, ""01011"": 18, ""10001"": 15, ""11001"": 18, ""01000"": 19, ""00000"": 22, ""00101"": 22, ""11011"": 5, ""00011"": 19, ""01101"": 14, ""11100"": 1, ""01111"": 2, ""10101"": 3, ""11101"": 2, ""11111"": 2, ""00100"": 2, ""10111"": 1, ""00111"": 2}","{""00001"": 499, ""01001"": 501}"
734,"{""00100"": 424, ""10001"": 2, ""00000"": 505, ""01110"": 8, ""10100"": 9, ""00001"": 10, ""01100"": 9, ""00010"": 5, ""01000"": 9, ""00101"": 10, ""11111"": 1, ""10000"": 6, ""10101"": 1, ""01010"": 1}","{""00100"": 482, ""00000"": 518}"
737,"{""1000"": 17, ""0000"": 827, ""0001"": 23, ""1010"": 9, ""0100"": 68, ""0010"": 24, ""0110"": 9, ""0101"": 6, ""1101"": 1, ""1100"": 6, ""1011"": 3, ""0011"": 4, ""1001"": 3}","{""0000"": 1000}"
739,"{""0010"": 481, ""0000"": 456, ""1000"": 6, ""1001"": 2, ""0001"": 8, ""0100"": 12, ""1101"": 2, ""0111"": 1, ""0011"": 9, ""1011"": 11, ""1010"": 2, ""0110"": 7, ""1111"": 2, ""0101"": 1}","{""0000"": 487, ""0010"": 513}"
740,"{""1011"": 157, ""1010"": 219, ""1001"": 200, ""1100"": 19, ""1111"": 106, ""0000"": 5, ""1000"": 233, ""1110"": 21, ""0011"": 6, ""1101"": 18, ""0111"": 1, ""0010"": 8, ""0001"": 4, ""0100"": 1, ""0110"": 1, ""0101"": 1}","{""1000"": 253, ""1010"": 234, ""1001"": 259, ""1011"": 120, ""1111"": 134}"
741,"{""00"": 608, ""11"": 367, ""01"": 13, ""10"": 12}","{""00"": 584, ""11"": 416}"
742,"{""100"": 494, ""000"": 431, ""110"": 31, ""010"": 30, ""001"": 6, ""101"": 8}","{""000"": 497, ""100"": 503}"
743,"{""1000"": 613, ""0000"": 314, ""1101"": 3, ""1111"": 3, ""0001"": 6, ""1010"": 9, ""1001"": 13, ""1110"": 9, ""0100"": 7, ""1100"": 14, ""0110"": 3, ""1011"": 1, ""0011"": 1, ""0111"": 2, ""0101"": 1, ""0010"": 1}","{""1000"": 638, ""0000"": 362}"
745,"{""01110"": 16, ""00101"": 6, ""00000"": 413, ""00110"": 412, ""10010"": 3, ""00111"": 24, ""00001"": 19, ""00010"": 23, ""00100"": 30, ""01000"": 10, ""01100"": 3, ""10110"": 13, ""01010"": 6, ""01001"": 1, ""10001"": 2, ""00011"": 2, ""10000"": 7, ""11100"": 1, ""11000"": 1, ""10111"": 5, ""10100"": 1, ""01111"": 2}","{""00110"": 495, ""00000"": 505}"
749,"{""01100"": 364, ""01110"": 317, ""00000"": 55, ""11110"": 18, ""01001"": 5, ""11100"": 14, ""00010"": 51, ""00110"": 21, ""01011"": 10, ""00100"": 26, ""00001"": 2, ""01101"": 19, ""01111"": 15, ""01010"": 24, ""01000"": 27, ""00101"": 8, ""00011"": 3, ""00111"": 4, ""10000"": 2, ""10110"": 1, ""11000"": 3, ""10100"": 2, ""11111"": 1, ""10010"": 4, ""11101"": 1, ""11010"": 3}","{""01110"": 433, ""01100"": 458, ""00000"": 56, ""00010"": 53}"
752,"{""1000"": 40, ""0000"": 440, ""1001"": 48, ""0001"": 378, ""0101"": 13, ""0111"": 2, ""0010"": 25, ""0011"": 24, ""0100"": 15, ""1011"": 4, ""1010"": 4, ""1100"": 4, ""0110"": 1, ""1101"": 2}","{""1001"": 36, ""0001"": 482, ""1000"": 39, ""0000"": 443}"
754,"{""00"": 516, ""10"": 482, ""01"": 2}","{""00"": 475, ""10"": 525}"
755,"{""10001"": 4, ""01000"": 10, ""00000"": 857, ""10000"": 22, ""00001"": 21, ""00100"": 38, ""00010"": 26, ""00011"": 8, ""00101"": 5, ""00110"": 4, ""01001"": 3, ""10010"": 1, ""10101"": 1}","{""00000"": 1000}"
757,"{""11000"": 11, ""01001"": 1, ""00001"": 12, ""10000"": 387, ""10100"": 59, ""10001"": 10, ""00000"": 387, ""00100"": 61, ""11100"": 14, ""10010"": 8, ""00110"": 1, ""01000"": 14, ""10111"": 3, ""00011"": 4, ""01101"": 1, ""10011"": 2, ""01100"": 8, ""00101"": 3, ""10101"": 3, ""01010"": 1, ""00010"": 7, ""11101"": 1, ""11111"": 1, ""00111"": 1}","{""10000"": 526, ""00000"": 474}"
758,"{""00001"": 50, ""10000"": 380, ""11000"": 20, ""10001"": 379, ""00000"": 33, ""11101"": 4, ""11100"": 8, ""10101"": 18, ""11011"": 5, ""10111"": 3, ""10100"": 20, ""01001"": 9, ""11001"": 32, ""10010"": 4, ""01000"": 4, ""00101"": 6, ""01101"": 1, ""01010"": 2, ""00100"": 7, ""10110"": 1, ""01100"": 1, ""10011"": 8, ""00011"": 1, ""01011"": 1, ""11010"": 2, ""11110"": 1}","{""00001"": 35, ""10000"": 450, ""00000"": 32, ""10001"": 483}"
760,"{""001"": 487, ""000"": 472, ""100"": 8, ""010"": 10, ""011"": 12, ""101"": 10, ""111"": 1}","{""000"": 493, ""001"": 504, ""100"": 1, ""101"": 2}"
761,"{""1000"": 81, ""0000"": 788, ""0010"": 32, ""1001"": 13, ""0001"": 17, ""1010"": 15, ""0100"": 29, ""1100"": 11, ""0101"": 3, ""0111"": 4, ""0011"": 2, ""1011"": 1, ""0110"": 4}","{""0000"": 1000}"
762,"{""10000"": 43, ""00001"": 51, ""10001"": 6, ""00000"": 761, ""00100"": 44, ""00111"": 3, ""00010"": 34, ""10011"": 11, ""00011"": 7, ""10010"": 6, ""01100"": 2, ""11000"": 3, ""01000"": 11, ""00110"": 4, ""10100"": 3, ""01001"": 2, ""01011"": 1, ""00101"": 5, ""01010"": 1, ""10110"": 2}","{""00000"": 1000}"
764,"{""10"": 43, ""11"": 455, ""01"": 466, ""00"": 36}","{""00"": 26, ""01"": 445, ""11"": 506, ""10"": 23}"
765,"{""100"": 877, ""000"": 99, ""111"": 2, ""101"": 9, ""110"": 9, ""001"": 2, ""010"": 2}","{""100"": 923, ""000"": 77}"
766,"{""1000"": 10, ""0000"": 918, ""0010"": 29, ""0100"": 17, ""1010"": 1, ""0001"": 19, ""0011"": 5, ""0101"": 1}","{""0000"": 1000}"
769,"{""10001"": 2, ""01000"": 15, ""00000"": 824, ""00100"": 64, ""10100"": 5, ""00101"": 1, ""00010"": 22, ""10000"": 31, ""10010"": 14, ""10011"": 2, ""00001"": 10, ""01111"": 1, ""01011"": 1, ""01001"": 3, ""01110"": 1, ""00011"": 1, ""11010"": 1, ""01100"": 1, ""11000"": 1}","{""00000"": 1000}"
771,"{""00"": 498, ""10"": 496, ""01"": 4, ""11"": 2}","{""00"": 508, ""10"": 492}"
773,"{""000"": 929, ""010"": 43, ""011"": 10, ""100"": 11, ""001"": 5, ""110"": 2}","{""000"": 1000}"
774,"{""010"": 902, ""011"": 56, ""111"": 2, ""110"": 32, ""000"": 6, ""001"": 2}","{""010"": 966, ""110"": 34}"
776,"{""01"": 458, ""11"": 509, ""10"": 16, ""00"": 17}","{""01"": 484, ""11"": 495, ""10"": 16, ""00"": 5}"
777,"{""01000"": 6, ""00000"": 839, ""11000"": 1, ""10000"": 33, ""00001"": 20, ""00010"": 61, ""00011"": 15, ""10010"": 9, ""10001"": 9, ""00100"": 4, ""10011"": 2, ""01100"": 1}","{""00000"": 1000}"
778,"{""01"": 442, ""11"": 423, ""00"": 72, ""10"": 63}","{""11"": 433, ""00"": 62, ""01"": 445, ""10"": 60}"
779,"{""000"": 659, ""110"": 6, ""011"": 251, ""100"": 19, ""101"": 7, ""001"": 17, ""010"": 33, ""111"": 8}","{""000"": 721, ""011"": 279}"
781,"{""01001"": 2, ""11000"": 134, ""10000"": 328, ""10001"": 318, ""11001"": 120, ""10101"": 11, ""10011"": 2, ""00011"": 7, ""01000"": 6, ""10010"": 11, ""11010"": 8, ""11101"": 6, ""00001"": 13, ""00000"": 6, ""10100"": 7, ""11011"": 3, ""00010"": 8, ""01011"": 3, ""11100"": 2, ""00110"": 1, ""00100"": 1, ""01100"": 1, ""01010"": 1, ""00101"": 1}","{""10000"": 335, ""11000"": 149, ""11001"": 144, ""10001"": 372}"
782,"{""00"": 359, ""10"": 84, ""01"": 411, ""11"": 146}","{""01"": 449, ""00"": 319, ""11"": 141, ""10"": 91}"
783,"{""010"": 449, ""110"": 456, ""101"": 8, ""100"": 37, ""000"": 27, ""011"": 11, ""111"": 8, ""001"": 4}","{""010"": 505, ""110"": 495}"
787,"{""11001"": 12, ""01000"": 40, ""00000"": 761, ""01100"": 19, ""01010"": 2, ""10000"": 30, ""00100"": 64, ""11100"": 2, ""00001"": 15, ""11000"": 5, ""01001"": 4, ""00010"": 14, ""10101"": 6, ""00101"": 7, ""10100"": 6, ""10001"": 8, ""01101"": 2, ""11101"": 1, ""01110"": 1, ""00110"": 1}","{""00000"": 1000}"
788,"{""10011"": 203, ""11011"": 8, ""00011"": 227, ""10001"": 209, ""00001"": 208, ""01001"": 6, ""10101"": 12, ""00100"": 2, ""00010"": 21, ""01000"": 2, ""10000"": 16, ""01011"": 9, ""00111"": 8, ""11001"": 9, ""00101"": 9, ""11111"": 3, ""10111"": 13, ""00000"": 10, ""10010"": 14, ""01111"": 3, ""10100"": 2, ""11110"": 1, ""01101"": 1, ""11101"": 2, ""00110"": 1, ""11000"": 1}","{""00000"": 7, ""10001"": 233, ""10000"": 5, ""00001"": 257, ""10010"": 7, ""00011"": 242, ""10011"": 242, ""00010"": 7}"
793,"{""00000"": 396, ""10010"": 16, ""01100"": 13, ""00011"": 18, ""01011"": 1, ""00010"": 417, ""11000"": 8, ""10000"": 24, ""00001"": 18, ""10100"": 5, ""01110"": 7, ""01000"": 17, ""11010"": 8, ""00110"": 13, ""00100"": 9, ""10110"": 5, ""11110"": 4, ""01010"": 9, ""11100"": 3, ""00111"": 2, ""10011"": 1, ""10001"": 1, ""01001"": 2, ""01111"": 1, ""01101"": 1, ""10111"": 1}","{""00010"": 479, ""00000"": 521}"
795,"{""000"": 893, ""100"": 77, ""111"": 1, ""101"": 3, ""010"": 11, ""011"": 8, ""001"": 6, ""110"": 1}","{""000"": 972, ""100"": 28}"
798,"{""10001"": 4, ""01000"": 20, ""00000"": 857, ""00001"": 21, ""10000"": 72, ""00110"": 2, ""00101"": 1, ""00010"": 5, ""11000"": 6, ""01001"": 5, ""00100"": 6, ""11001"": 1}","{""00000"": 1000}"
800,"{""1001"": 39, ""0001"": 28, ""1010"": 14, ""1000"": 446, ""0000"": 432, ""1011"": 2, ""1100"": 10, ""0100"": 9, ""0110"": 4, ""0010"": 7, ""1110"": 3, ""0011"": 1, ""1111"": 1, ""1101"": 3, ""0101"": 1}","{""0000"": 511, ""1000"": 489}"
802,"{""0000"": 386, ""1110"": 3, ""0101"": 2, ""0110"": 150, ""1011"": 4, ""0010"": 312, ""0100"": 116, ""0001"": 7, ""0111"": 2, ""1000"": 6, ""0011"": 6, ""1100"": 3, ""1101"": 1, ""1010"": 1, ""1001"": 1}","{""0110"": 154, ""0010"": 365, ""0000"": 355, ""0100"": 126}"
805,"{""000"": 944, ""011"": 6, ""100"": 27, ""101"": 2, ""110"": 3, ""010"": 10, ""001"": 8}","{""000"": 1000}"
807,"{""01000"": 294, ""00000"": 146, ""01010"": 9, ""01001"": 304, ""00001"": 146, ""00010"": 17, ""01011"": 26, ""00011"": 10, ""10011"": 1, ""01101"": 2, ""11001"": 5, ""00101"": 1, ""11000"": 13, ""10001"": 2, ""00100"": 4, ""11011"": 4, ""11010"": 2, ""10000"": 3, ""01100"": 6, ""01111"": 3, ""10100"": 1, ""01110"": 1}","{""00001"": 158, ""01001"": 332, ""01000"": 353, ""00000"": 157}"
809,"{""1110"": 219, ""0010"": 240, ""0110"": 226, ""0001"": 1, ""1010"": 251, ""0011"": 11, ""0000"": 4, ""1101"": 1, ""1100"": 8, ""1011"": 7, ""1000"": 12, ""0111"": 7, ""0100"": 10, ""1111"": 3}","{""1110"": 237, ""0110"": 258, ""1010"": 243, ""0010"": 262}"
811,"{""11010"": 42, ""11001"": 184, ""10011"": 52, ""01011"": 53, ""01001"": 29, ""01010"": 4, ""11000"": 23, ""11011"": 546, ""10001"": 16, ""00011"": 6, ""11101"": 9, ""00010"": 1, ""10110"": 1, ""10111"": 7, ""11110"": 4, ""10100"": 4, ""11111"": 9, ""10010"": 2, ""10101"": 1, ""01000"": 2, ""00101"": 1, ""00100"": 1, ""00001"": 3}","{""10001"": 9, ""11010"": 24, ""11001"": 200, ""11000"": 7, ""01001"": 13, ""11011"": 647, ""10011"": 38, ""01011"": 51, ""00011"": 4, ""10010"": 1, ""01000"": 2, ""01010"": 3, ""10000"": 1}"
812,"{""0100"": 63, ""1101"": 355, ""0000"": 8, ""1000"": 44, ""1100"": 358, ""0001"": 10, ""0111"": 6, ""0101"": 54, ""1110"": 20, ""1001"": 43, ""1111"": 26, ""0110"": 9, ""1011"": 2, ""0010"": 1, ""0011"": 1}","{""0100"": 57, ""1101"": 361, ""1100"": 432, ""0001"": 9, ""1001"": 40, ""0000"": 5, ""1000"": 48, ""0101"": 48}"
813,"{""001"": 488, ""000"": 498, ""011"": 3, ""101"": 3, ""010"": 3, ""100"": 5}","{""001"": 477, ""000"": 523}"
815,"{""00001"": 25, ""10000"": 25, ""10001"": 2, ""00000"": 844, ""10010"": 1, ""00110"": 7, ""00010"": 29, ""00100"": 26, ""01010"": 4, ""01000"": 18, ""00111"": 3, ""00101"": 6, ""00011"": 5, ""01110"": 1, ""10100"": 3, ""01100"": 1}","{""00000"": 1000}"
816,"{""001"": 809, ""000"": 148, ""010"": 8, ""011"": 30, ""101"": 4, ""100"": 1}","{""001"": 829, ""000"": 151, ""011"": 20}"
817,"{""00100"": 915, ""00101"": 7, ""10100"": 35, ""10111"": 1, ""00110"": 13, ""01000"": 1, ""00000"": 6, ""01100"": 7, ""10110"": 10, ""00111"": 2, ""11100"": 1, ""10010"": 1, ""10101"": 1}","{""00100"": 999, ""00101"": 1}"
818,"{""00"": 556, ""01"": 436, ""10"": 4, ""11"": 4}","{""00"": 558, ""01"": 442}"
820,"{""01011"": 4, ""00010"": 865, ""00001"": 3, ""01010"": 40, ""00011"": 33, ""01000"": 2, ""00000"": 14, ""00110"": 11, ""01110"": 2, ""10010"": 16, ""10100"": 1, ""01001"": 1, ""10011"": 3, ""11010"": 3, ""00100"": 1, ""10111"": 1}","{""00010"": 1000}"
824,"{""10011"": 15, ""00010"": 487, ""00011"": 14, ""10010"": 428, ""01010"": 10, ""00001"": 3, ""10000"": 4, ""10110"": 1, ""11010"": 12, ""01110"": 3, ""01001"": 3, ""11001"": 1, ""00110"": 8, ""11011"": 3, ""10100"": 1, ""00000"": 3, ""11110"": 1, ""01011"": 2, ""00100"": 1}","{""10010"": 531, ""00010"": 469}"
825,"{""01"": 402, ""00"": 403, ""11"": 92, ""10"": 103}","{""00"": 430, ""01"": 368, ""10"": 105, ""11"": 97}"
828,"{""11"": 432, ""10"": 459, ""00"": 52, ""01"": 57}","{""11"": 483, ""10"": 436, ""01"": 46, ""00"": 35}"
830,"{""01"": 219, ""00"": 545, ""11"": 223, ""10"": 13}","{""00"": 559, ""11"": 231, ""01"": 210}"
832,"{""00"": 435, ""10"": 445, ""01"": 56, ""11"": 64}","{""00"": 454, ""11"": 57, ""10"": 436, ""01"": 53}"
834,"{""01100"": 116, ""00011"": 18, ""01101"": 105, ""00100"": 30, ""01111"": 33, ""11100"": 46, ""10011"": 12, ""01011"": 126, ""11101"": 46, ""00101"": 21, ""11000"": 11, ""10101"": 10, ""01001"": 23, ""01010"": 107, ""11010"": 53, ""11011"": 60, ""10100"": 12, ""11001"": 8, ""11111"": 21, ""00010"": 20, ""11110"": 17, ""00111"": 7, ""01000"": 22, ""01110"": 39, ""10110"": 8, ""10010"": 5, ""00000"": 4, ""10000"": 2, ""00001"": 3, ""00110"": 5, ""10111"": 6, ""10001"": 4}","{""01001"": 13, ""01010"": 123, ""11111"": 14, ""01100"": 118, ""01101"": 143, ""11110"": 15, ""01111"": 29, ""01011"": 142, ""11010"": 50, ""00101"": 18, ""10010"": 6, ""01000"": 11, ""00011"": 25, ""11101"": 50, ""01110"": 26, ""00010"": 29, ""10001"": 3, ""00100"": 19, ""11100"": 61, ""11011"": 52, ""10101"": 10, ""10100"": 8, ""11001"": 3, ""00001"": 3, ""00110"": 5, ""00111"": 6, ""10011"": 8, ""10111"": 3, ""10000"": 1, ""11000"": 4, ""00000"": 1, ""10110"": 1}"
839,"{""0000"": 766, ""0011"": 11, ""1100"": 9, ""0110"": 6, ""0100"": 59, ""1110"": 3, ""0001"": 49, ""0010"": 16, ""1000"": 43, ""1001"": 18, ""0101"": 8, ""1010"": 7, ""1101"": 1, ""0111"": 3, ""1111"": 1}","{""0000"": 1000}"
841,"{""01"": 50, ""10"": 453, ""00"": 452, ""11"": 45}","{""00"": 490, ""10"": 421, ""01"": 41, ""11"": 48}"
843,"{""00000"": 174, ""01000"": 631, ""01101"": 3, ""01010"": 23, ""01001"": 40, ""10000"": 7, ""01100"": 38, ""00010"": 8, ""11101"": 6, ""11000"": 10, ""00001"": 8, ""11100"": 3, ""00101"": 2, ""00100"": 11, ""11011"": 5, ""01110"": 4, ""11001"": 11, ""10101"": 1, ""00011"": 4, ""01011"": 5, ""11110"": 2, ""10100"": 1, ""10010"": 1, ""01111"": 1, ""00110"": 1}","{""00000"": 226, ""01000"": 774}"
844,"{""1000"": 12, ""0000"": 859, ""1001"": 2, ""0001"": 32, ""0010"": 46, ""0011"": 16, ""0100"": 21, ""0110"": 7, ""1010"": 3, ""1011"": 1, ""1110"": 1}","{""0000"": 1000}"
845,"{""11001"": 111, ""11010"": 150, ""11111"": 42, ""10110"": 31, ""11011"": 148, ""11000"": 108, ""10000"": 49, ""11110"": 45, ""10011"": 57, ""10010"": 66, ""11101"": 31, ""10001"": 52, ""10111"": 19, ""11100"": 31, ""10101"": 22, ""01001"": 2, ""10100"": 11, ""01100"": 4, ""00001"": 2, ""01011"": 7, ""01010"": 4, ""00111"": 2, ""01110"": 2, ""01101"": 2, ""01111"": 1, ""00110"": 1}","{""11111"": 54, ""10001"": 51, ""11110"": 43, ""11100"": 32, ""10010"": 59, ""11011"": 142, ""10000"": 68, ""10100"": 13, ""11010"": 158, ""11000"": 111, ""11001"": 116, ""10011"": 72, ""11101"": 34, ""10101"": 18, ""10110"": 12, ""10111"": 17}"
848,"{""000"": 897, ""001"": 27, ""100"": 40, ""111"": 1, ""010"": 15, ""101"": 10, ""110"": 4, ""011"": 6}","{""000"": 1000}"
851,"{""10"": 502, ""00"": 489, ""01"": 3, ""11"": 6}","{""00"": 514, ""10"": 486}"
852,"{""10001"": 8, ""01000"": 9, ""00000"": 839, ""10000"": 29, ""00001"": 45, ""01011"": 1, ""00010"": 39, ""10011"": 4, ""00100"": 9, ""01010"": 7, ""00011"": 2, ""11011"": 4, ""00101"": 1, ""00110"": 2, ""01100"": 1}","{""00000"": 1000}"
853,"{""01"": 413, ""00"": 419, ""10"": 90, ""11"": 78}","{""10"": 74, ""00"": 420, ""01"": 415, ""11"": 91}"
855,"{""01111"": 124, ""10111"": 115, ""11011"": 202, ""01001"": 3, ""10011"": 181, ""01011"": 57, ""00111"": 116, ""11111"": 111, ""10101"": 3, ""11110"": 3, ""00011"": 40, ""10001"": 5, ""00010"": 4, ""10010"": 4, ""10110"": 8, ""11010"": 2, ""01101"": 6, ""00001"": 2, ""11101"": 1, ""00110"": 5, ""11001"": 5, ""00101"": 1, ""01100"": 1, ""01110"": 1}","{""01011"": 49, ""10011"": 215, ""11111"": 122, ""00111"": 128, ""10111"": 112, ""01111"": 125, ""00011"": 46, ""11011"": 203}"
856,"{""000"": 813, ""011"": 10, ""100"": 28, ""001"": 116, ""010"": 24, ""110"": 2, ""111"": 2, ""101"": 5}","{""000"": 881, ""001"": 119}"
858,"{""11"": 823, ""00"": 160, ""01"": 11, ""10"": 6}","{""11"": 826, ""00"": 174}"
859,"{""01"": 567, ""00"": 427, ""11"": 3, ""10"": 3}","{""00"": 406, ""01"": 591, ""11"": 3}"
860,"{""1000"": 24, ""0000"": 844, ""0100"": 12, ""1010"": 4, ""0001"": 52, ""0101"": 15, ""0011"": 4, ""0010"": 24, ""1101"": 4, ""1100"": 5, ""0111"": 6, ""1001"": 1, ""0110"": 5}","{""0000"": 1000}"
862,"{""1000"": 15, ""0000"": 913, ""0001"": 32, ""0010"": 15, ""0100"": 14, ""0011"": 2, ""1100"": 1, ""0110"": 2, ""1001"": 3, ""0101"": 2, ""1010"": 1}","{""0000"": 1000}"
867,"{""110"": 228, ""100"": 238, ""101"": 237, ""111"": 262, ""001"": 9, ""011"": 11, ""010"": 7, ""000"": 8}","{""111"": 241, ""100"": 261, ""110"": 252, ""101"": 240, ""001"": 3, ""000"": 2, ""011"": 1}"
868,"{""11100"": 1, ""00010"": 230, ""00000"": 349, ""01000"": 203, ""11000"": 7, ""00001"": 11, ""01010"": 136, ""10000"": 4, ""01011"": 4, ""11011"": 4, ""00100"": 5, ""01001"": 7, ""00110"": 6, ""10010"": 1, ""01110"": 3, ""01100"": 4, ""10001"": 9, ""00011"": 10, ""11010"": 3, ""10011"": 1, ""11001"": 1, ""00101"": 1}","{""01000"": 194, ""00000"": 353, ""01010"": 168, ""00010"": 285}"
871,"{""010"": 835, ""000"": 103, ""110"": 18, ""011"": 35, ""101"": 2, ""001"": 4, ""111"": 1, ""100"": 2}","{""010"": 856, ""011"": 27, ""000"": 112, ""001"": 5}"
872,"{""00"": 582, ""01"": 413, ""10"": 4, ""11"": 1}","{""00"": 596, ""01"": 404}"
875,"{""11111"": 124, ""00111"": 206, ""11011"": 139, ""10010"": 31, ""00011"": 223, ""00010"": 41, ""01011"": 19, ""10011"": 20, ""01111"": 15, ""00110"": 45, ""00100"": 5, ""11101"": 9, ""10110"": 19, ""11010"": 2, ""01001"": 4, ""00001"": 17, ""11001"": 16, ""00101"": 19, ""01010"": 2, ""10111"": 15, ""00000"": 8, ""10100"": 2, ""10000"": 6, ""10001"": 2, ""01000"": 1, ""01110"": 4, ""01101"": 3, ""11110"": 2, ""11100"": 1}","{""10110"": 28, ""11111"": 147, ""00111"": 263, ""10010"": 18, ""11011"": 161, ""00011"": 246, ""00110"": 41, ""00000"": 5, ""00010"": 46, ""11101"": 7, ""00001"": 15, ""00101"": 10, ""11001"": 9, ""00100"": 3, ""10100"": 1}"
876,"{""000"": 63, ""110"": 20, ""010"": 637, ""111"": 227, ""101"": 31, ""011"": 17, ""100"": 5}","{""000"": 69, ""111"": 222, ""010"": 689, ""101"": 20}"
877,"{""000"": 645, ""010"": 280, ""100"": 48, ""001"": 4, ""110"": 21, ""011"": 1, ""101"": 1}","{""000"": 682, ""010"": 318}"
879,"{""0110"": 18, ""0010"": 691, ""1000"": 8, ""0000"": 198, ""1010"": 34, ""0111"": 19, ""0011"": 13, ""0100"": 10, ""0001"": 6, ""1111"": 2, ""1011"": 1}","{""0010"": 797, ""0000"": 203}"
882,"{""00"": 961, ""01"": 26, ""10"": 11, ""11"": 2}","{""00"": 987, ""11"": 4, ""01"": 9}"
883,"{""01000"": 14, ""00000"": 624, ""10101"": 3, ""00100"": 5, ""01010"": 2, ""10000"": 20, ""00001"": 260, ""00010"": 21, ""00011"": 4, ""11000"": 1, ""10100"": 5, ""00110"": 4, ""01001"": 12, ""01011"": 4, ""10001"": 13, ""10010"": 3, ""10110"": 1, ""00111"": 1, ""00101"": 2, ""11010"": 1}","{""00001"": 267, ""00000"": 733}"
884,"{""1011"": 7, ""0010"": 396, ""1000"": 55, ""0000"": 417, ""0001"": 22, ""1010"": 38, ""0100"": 7, ""0110"": 7, ""0011"": 19, ""0111"": 4, ""1001"": 12, ""0101"": 4, ""1111"": 5, ""1110"": 3, ""1100"": 3, ""1101"": 1}","{""0010"": 513, ""0000"": 487}"
885,"{""010"": 459, ""000"": 503, ""101"": 2, ""100"": 14, ""110"": 13, ""011"": 4, ""001"": 3, ""111"": 2}","{""010"": 526, ""000"": 474}"
886,"{""00"": 980, ""01"": 9, ""10"": 8, ""11"": 3}","{""00"": 1000}"
889,"{""1000"": 18, ""0000"": 175, ""1100"": 728, ""1101"": 14, ""0100"": 24, ""1001"": 4, ""0110"": 3, ""1110"": 19, ""0010"": 6, ""1010"": 6, ""0001"": 3}","{""1100"": 828, ""0000"": 172}"
890,"{""00100"": 51, ""10001"": 8, ""01000"": 44, ""00000"": 762, ""10000"": 25, ""00001"": 31, ""00010"": 23, ""00110"": 10, ""10110"": 5, ""10010"": 6, ""00011"": 6, ""01001"": 4, ""01100"": 7, ""10100"": 8, ""10011"": 1, ""10111"": 1, ""00101"": 4, ""00111"": 1, ""01011"": 1, ""01110"": 1, ""01101"": 1}","{""00000"": 960, ""00100"": 40}"
891,"{""1000"": 19, ""0000"": 854, ""0100"": 36, ""0010"": 35, ""0001"": 28, ""1010"": 8, ""0101"": 3, ""0011"": 7, ""1101"": 1, ""1001"": 5, ""1100"": 2, ""0110"": 2}","{""0000"": 1000}"
892,"{""11010"": 2, ""01000"": 27, ""00000"": 753, ""00001"": 48, ""10010"": 8, ""00011"": 5, ""00010"": 53, ""00110"": 9, ""01100"": 11, ""00100"": 25, ""00101"": 6, ""01001"": 7, ""01010"": 12, ""11000"": 12, ""10000"": 9, ""11100"": 5, ""10001"": 4, ""11001"": 1, ""10100"": 1, ""11110"": 1, ""11101"": 1}","{""00000"": 1000}"
893,"{""1000"": 18, ""0000"": 661, ""0100"": 251, ""0001"": 12, ""1001"": 2, ""1010"": 6, ""0101"": 9, ""0010"": 16, ""0110"": 11, ""1100"": 7, ""0011"": 6, ""0111"": 1}","{""0000"": 740, ""0100"": 260}"
897,"{""10"": 627, ""00"": 75, ""11"": 272, ""01"": 26}","{""11"": 312, ""10"": 590, ""00"": 66, ""01"": 32}"
898,"{""000"": 919, ""010"": 13, ""100"": 45, ""001"": 9, ""110"": 3, ""011"": 8, ""111"": 1, ""101"": 2}","{""000"": 1000}"
899,"{""01000"": 20, ""00000"": 818, ""10100"": 4, ""00010"": 38, ""00110"": 5, ""10000"": 15, ""00001"": 26, ""00100"": 41, ""01100"": 6, ""00011"": 5, ""00101"": 5, ""10001"": 5, ""01010"": 6, ""01001"": 3, ""10101"": 1, ""00111"": 1, ""11100"": 1}","{""00000"": 1000}"
901,"{""1000"": 22, ""0000"": 867, ""1001"": 8, ""0001"": 24, ""0100"": 49, ""1100"": 7, ""1110"": 1, ""0010"": 16, ""0110"": 1, ""0101"": 3, ""1010"": 2}","{""0000"": 1000}"
905,"{""0000"": 681, ""1010"": 23, ""1110"": 87, ""1101"": 1, ""0100"": 139, ""0111"": 6, ""0011"": 8, ""0010"": 7, ""1000"": 8, ""1100"": 8, ""0001"": 14, ""0110"": 4, ""1111"": 9, ""1011"": 3, ""0101"": 2}","{""0000"": 720, ""0100"": 117, ""1110"": 140, ""1010"": 18, ""1111"": 5}"
906,"{""11"": 253, ""00"": 254, ""01"": 252, ""10"": 241}","{""01"": 267, ""00"": 241, ""10"": 241, ""11"": 251}"
907,"{""00"": 981, ""11"": 3, ""01"": 11, ""10"": 5}","{""00"": 1000}"
908,"{""00100"": 445, ""01100"": 415, ""11100"": 13, ""10100"": 23, ""00101"": 9, ""00001"": 5, ""11000"": 2, ""01000"": 16, ""00110"": 9, ""00000"": 26, ""01101"": 5, ""00111"": 3, ""01110"": 11, ""01001"": 8, ""01010"": 2, ""01111"": 2, ""10110"": 2, ""00010"": 3, ""10101"": 1}","{""00100"": 474, ""01100"": 501, ""01001"": 11, ""00001"": 14}"
910,"{""001"": 50, ""000"": 875, ""100"": 22, ""110"": 11, ""010"": 24, ""011"": 10, ""111"": 5, ""101"": 3}","{""000"": 1000}"
917,"{""11"": 657, ""10"": 330, ""01"": 8, ""00"": 5}","{""10"": 341, ""11"": 646, ""01"": 9, ""00"": 4}"
923,"{""00"": 499, ""01"": 489, ""10"": 5, ""11"": 7}","{""00"": 494, ""01"": 506}"
930,"{""0010"": 860, ""0000"": 40, ""0011"": 24, ""1111"": 2, ""0110"": 20, ""1010"": 36, ""0111"": 9, ""1110"": 3, ""1011"": 1, ""0101"": 3, ""0100"": 1, ""1000"": 1}","{""0010"": 1000}"
933,"{""0101"": 322, ""0011"": 99, ""1111"": 198, ""0111"": 166, ""0010"": 6, ""0001"": 112, ""1101"": 35, ""0100"": 9, ""1011"": 11, ""1001"": 11, ""0000"": 6, ""0110"": 12, ""1110"": 8, ""1100"": 4, ""1000"": 1}","{""0101"": 378, ""1111"": 227, ""1001"": 3, ""0001"": 93, ""0111"": 173, ""0011"": 106, ""1101"": 15, ""1011"": 5}"
934,"{""01000"": 13, ""00000"": 568, ""01110"": 10, ""00101"": 14, ""01010"": 16, ""00001"": 269, ""00100"": 36, ""01011"": 12, ""10001"": 11, ""00011"": 7, ""01001"": 6, ""10101"": 6, ""01111"": 4, ""10000"": 8, ""00010"": 3, ""01101"": 2, ""10100"": 3, ""11011"": 3, ""01100"": 2, ""11110"": 5, ""11010"": 1, ""00110"": 1}","{""00001"": 378, ""00000"": 622}"
937,"{""00"": 978, ""10"": 9, ""01"": 11, ""11"": 2}","{""00"": 1000}"
938,"{""00011"": 78, ""10010"": 93, ""10011"": 93, ""01011"": 21, ""00010"": 105, ""10000"": 93, ""00001"": 84, ""00000"": 93, ""01010"": 30, ""01000"": 33, ""10001"": 99, ""11001"": 27, ""01001"": 32, ""00101"": 5, ""11011"": 20, ""11000"": 20, ""11010"": 28, ""10100"": 6, ""00110"": 9, ""01111"": 4, ""10101"": 4, ""11111"": 2, ""11100"": 2, ""00111"": 5, ""10111"": 4, ""01110"": 3, ""10110"": 1, ""00100"": 4, ""11101"": 1, ""01100"": 1}","{""00010"": 101, ""10011"": 113, ""10001"": 107, ""00000"": 112, ""00011"": 101, ""10010"": 86, ""10000"": 102, ""01001"": 17, ""00001"": 115, ""11010"": 21, ""01011"": 21, ""11011"": 21, ""01000"": 27, ""11001"": 22, ""01010"": 23, ""11000"": 11}"
940,"{""010"": 286, ""110"": 306, ""000"": 176, ""001"": 11, ""100"": 171, ""101"": 11, ""111"": 20, ""011"": 19}","{""110"": 316, ""000"": 192, ""010"": 303, ""100"": 189}"
949,"{""11000"": 9, ""10000"": 348, ""10101"": 5, ""00100"": 80, ""10100"": 113, ""00011"": 3, ""00000"": 379, ""10001"": 15, ""11001"": 3, ""00001"": 7, ""10110"": 2, ""01001"": 3, ""00010"": 6, ""00101"": 2, ""00110"": 3, ""01000"": 8, ""10010"": 4, ""01110"": 1, ""01100"": 1, ""01010"": 1, ""11100"": 3, ""01101"": 1, ""11010"": 1, ""11101"": 1, ""10011"": 1}","{""00000"": 406, ""10000"": 394, ""10100"": 111, ""00100"": 89}"
951,"{""1000"": 7, ""0000"": 883, ""1001"": 5, ""0001"": 25, ""0101"": 11, ""0010"": 47, ""0100"": 16, ""1100"": 5, ""0011"": 1}","{""0000"": 1000}"
952,"{""01010"": 217, ""01100"": 212, ""11010"": 2, ""00000"": 12, ""01000"": 252, ""01110"": 226, ""00100"": 12, ""00010"": 11, ""00110"": 13, ""11100"": 6, ""01001"": 7, ""10010"": 1, ""11110"": 7, ""01111"": 6, ""01011"": 4, ""01101"": 3, ""11000"": 6, ""11011"": 1, ""00011"": 1, ""11111"": 1}","{""01000"": 246, ""01100"": 274, ""01010"": 246, ""01110"": 234}"
958,"{""0000"": 58, ""1000"": 888, ""1111"": 2, ""1110"": 10, ""0001"": 1, ""1010"": 11, ""1001"": 16, ""1011"": 7, ""1100"": 5, ""1101"": 1, ""0010"": 1}","{""0000"": 31, ""1000"": 969}"
959,"{""010"": 219, ""011"": 200, ""000"": 271, ""001"": 269, ""100"": 11, ""101"": 11, ""110"": 11, ""111"": 8}","{""000"": 256, ""001"": 273, ""010"": 232, ""011"": 239}"
960,"{""00"": 424, ""01"": 563, ""10"": 5, ""11"": 8}","{""01"": 558, ""00"": 442}"
963,"{""01000"": 26, ""00000"": 388, ""01100"": 464, ""00100"": 29, ""01110"": 11, ""11101"": 1, ""00111"": 1, ""11000"": 4, ""01101"": 17, ""00101"": 5, ""00001"": 11, ""01001"": 2, ""10100"": 1, ""11100"": 12, ""00011"": 1, ""10000"": 8, ""00010"": 7, ""00110"": 2, ""11001"": 1, ""10010"": 2, ""10110"": 1, ""11010"": 3, ""10001"": 2, ""01010"": 1}","{""01100"": 575, ""00000"": 425}"
964,"{""00"": 985, ""01"": 6, ""10"": 6, ""11"": 3}","{""00"": 1000}"
965,"{""101"": 855, ""000"": 106, ""111"": 6, ""001"": 15, ""110"": 3, ""100"": 15}","{""101"": 890, ""000"": 110}"
966,"{""10"": 171, ""11"": 519, ""00"": 66, ""01"": 244}","{""11"": 513, ""01"": 232, ""00"": 73, ""10"": 182}"
969,"{""01000"": 37, ""10001"": 12, ""00000"": 779, ""00010"": 87, ""01010"": 5, ""00001"": 27, ""10101"": 1, ""00100"": 8, ""00011"": 1, ""00101"": 1, ""10000"": 16, ""01001"": 10, ""10010"": 4, ""11000"": 6, ""11100"": 1, ""00110"": 2, ""10100"": 1, ""10110"": 1, ""01011"": 1}","{""00000"": 1000}"
970,"{""11"": 215, ""10"": 248, ""00"": 261, ""01"": 276}","{""00"": 248, ""01"": 247, ""11"": 241, ""10"": 264}"
971,"{""01"": 482, ""11"": 476, ""00"": 26, ""10"": 16}","{""01"": 484, ""11"": 492, ""10"": 13, ""00"": 11}"
977,"{""11000"": 11, ""10000"": 758, ""11010"": 2, ""00000"": 129, ""10001"": 8, ""00100"": 13, ""01100"": 10, ""01110"": 2, ""10010"": 27, ""10100"": 14, ""00010"": 5, ""11100"": 4, ""10110"": 2, ""00001"": 2, ""10101"": 3, ""01000"": 6, ""01101"": 1, ""11110"": 1, ""00110"": 1, ""01010"": 1}","{""10000"": 840, ""00000"": 160}"
978,"{""010"": 21, ""000"": 871, ""111"": 16, ""011"": 7, ""100"": 34, ""101"": 15, ""110"": 13, ""001"": 23}","{""000"": 1000}"
979,"{""01000"": 44, ""00000"": 442, ""10100"": 324, ""11000"": 5, ""10000"": 26, ""00001"": 20, ""11100"": 25, ""10101"": 15, ""01100"": 9, ""11101"": 11, ""01001"": 13, ""00100"": 32, ""11001"": 3, ""00010"": 14, ""10001"": 2, ""10010"": 1, ""11111"": 1, ""00110"": 3, ""10110"": 2, ""01110"": 2, ""01010"": 3, ""11110"": 1, ""11010"": 1, ""01101"": 1}","{""00000"": 588, ""10100"": 412}"
983,"{""0101"": 435, ""1001"": 10, ""0001"": 455, ""1111"": 5, ""1101"": 28, ""1011"": 3, ""0111"": 10, ""0011"": 14, ""0010"": 1, ""0000"": 20, ""0100"": 13, ""0110"": 1, ""1100"": 3, ""1000"": 2}","{""0101"": 468, ""0001"": 532}"
985,"{""1010"": 2, ""0001"": 835, ""0011"": 31, ""0000"": 78, ""0111"": 7, ""1101"": 5, ""0100"": 4, ""0101"": 18, ""0010"": 3, ""1001"": 13, ""1011"": 1, ""1000"": 2, ""1100"": 1}","{""0001"": 960, ""0000"": 40}"
986,"{""000"": 424, ""100"": 407, ""010"": 63, ""110"": 52, ""111"": 4, ""001"": 25, ""101"": 16, ""011"": 9}","{""000"": 445, ""100"": 448, ""110"": 57, ""010"": 50}"
988,"{""01000"": 7, ""10001"": 21, ""00000"": 292, ""11001"": 578, ""11011"": 38, ""00010"": 14, ""10011"": 2, ""11000"": 10, ""10000"": 5, ""10010"": 7, ""00001"": 4, ""01001"": 6, ""11101"": 6, ""00101"": 2, ""01010"": 2, ""11100"": 1, ""01011"": 2, ""00110"": 1, ""00100"": 1, ""11111"": 1}","{""11001"": 693, ""00000"": 307}"
991,"{""00"": 944, ""10"": 47, ""01"": 7, ""11"": 2}","{""00"": 970, ""10"": 30}"
994,"{""01"": 509, ""11"": 479, ""10"": 6, ""00"": 6}","{""11"": 514, ""01"": 486}"
996,"{""0100"": 334, ""1100"": 565, ""1000"": 17, ""0101"": 10, ""1110"": 16, ""1111"": 10, ""0110"": 17, ""0111"": 10, ""1101"": 4, ""0000"": 14, ""1001"": 2, ""1010"": 1}","{""1100"": 642, ""0100"": 358}"
998,"{""10"": 782, ""00"": 204, ""01"": 6, ""11"": 8}","{""10"": 827, ""00"": 173}"
1000,"{""11"": 683, ""10"": 257, ""01"": 44, ""00"": 16}","{""10"": 292, ""11"": 664, ""01"": 29, ""00"": 15}"
1001,"{""000"": 898, ""001"": 32, ""101"": 12, ""010"": 19, ""100"": 36, ""111"": 2, ""110"": 1}","{""000"": 1000}"
1003,"{""00"": 647, ""11"": 225, ""10"": 122, ""01"": 6}","{""10"": 111, ""11"": 215, ""00"": 674}"
1006,"{""000"": 412, ""010"": 447, ""110"": 19, ""001"": 13, ""100"": 12, ""101"": 39, ""111"": 50, ""011"": 8}","{""000"": 470, ""010"": 452, ""111"": 47, ""101"": 31}"
1012,"{""1110"": 20, ""0101"": 17, ""1000"": 34, ""0000"": 725, ""0100"": 44, ""0010"": 39, ""0011"": 16, ""0001"": 50, ""1010"": 16, ""1011"": 2, ""1001"": 6, ""0110"": 12, ""1101"": 2, ""1100"": 11, ""1111"": 4, ""0111"": 2}","{""0000"": 1000}"
